id,document_id,title,abstract,publication_year,source,language,authors,keywords,topics,methods,doi,external_url,created_at,updated_at,page_count,publisher,volume,issue,pages,citation_count,metadata_confidence,ingestion_version
6,11,Tuân thủ điều trị và một số yếu tố liên quan ở người nghiện chất dạng thuốc phiện đang được quản lý điều trị thay thế bằng Methadone tại tỉnh Quảng Bình năm 2023,"Mục tiêu: Mô tả tuân thủ điều trị (TTĐT) thay thế chất dạng thuốc phiện (CDTP) bằng methadone ở người bệnh được quản lý điều trị tại tỉnh Quảng Bình năm 2023 và phân tích một số yếu tố liên quan. Phương pháp nghiên cứu: Nghiên cứu cắt ngang, chọn mẫu toàn bộ 133 người bệnh đang được quản lý điều trị tại 3 cơ sở điều trị và cấp phát thuốc của tỉnh Quảng Bình. Thu thập số liệu từ 4-7/2023.",2024,,vi,"[""Đinh Giang Linh"", ""Hà Anh Đức"", ""Nguyễn Thu Hà""]","[""Treatment adherence"", ""associated factors"", ""methadone substitution therapy""]",[],[],,,2026-05-12 17:28:23.466857+00,2026-05-12 17:28:22.128866+00,,,,,,,,
7,12,ĐẶT VẤN ĐỀ,"Mục tiêu: Mô tả đặc điểm dịch tễ học bệnh tay chân miệng ở trẻ dưới 5 tuổi tại tỉnh Kon Tum từ năm 2022 đến 6 tháng đầu năm 2024. Phương pháp nghiên cứu: Nghiên cứu cắt ngang, sử dụng số liệu thứ cấp về số ca mắc bệnh tay chân miệng (TCM) ở trẻ dưới 5 tuổi tại tỉnh Kon Tum giai đoạn từ năm 2022 đến 6 tháng đầu năm 2024. Các biến số được thu thập và đánh giá dựa theo hướng dẫn của Bộ Y tế tại Quyết định số 581/QĐ-BYT ngày 24/02/2012. Kết quả: Từ năm 2022 đến 6 tháng đầu năm 2024, địa phương có ca mắc bệnh TCM cao nhất là thành phố Kon Tum chiếm 40,2%; địa phương có tỷ suất mắc bệnh TCM/100.000 trẻ dưới 5 tuổi cao nhất là huyện Ia H'Drai với 1.325/100.000 trẻ; tỷ lệ mắc TCM nhiều nhất ở nhóm 1 - < 2 tuổi chiếm 41%; nam giới mắc cao hơn nữ giới (62,4% so với 37,6%); 50,4% bệnh gặp ở nhóm dân tộc thiểu số; bệnh bắt đầu tăng từ tháng 4, với số ca bệnh gia tăng nhiều hơn trong các tháng cuối năm; các ca mắc bệnh TCM trong cộng đồng chiếm cao nhất với 72,2%; không ghi nhận ca tử vong do bệnh TCM. Kết luận: Tỉ lệ mắc bệnh TCM ở nhóm tuổi từ 1 - 2 tuổi cao nhất, cao nhất ở nhóm người đồng bào dân tộc thiểu số. Hầu hết ca bệnh ghi nhận trong cộng đồng, bệnh bắt đầu tăng từ tháng 4, gia tăng nhiều vào các tháng cuối năm. Nghiên cứu khuyến nghị cần đẩy mạnh các hoạt động phòng chống dịch bệnh TCM ngay từ đầu năm, đặc biệt từ tháng 4 trở đi trong cộng đồng. Đồng thời, cần tăng cường tư vấn và giáo dục sức khỏe cho bà mẹ có con trong độ tuổi từ 1 - 2 tuổi, đặc biệt chú trọng nhóm bà mẹ là người dân tộc thiểu số. Từ khoá: Tay chân miệng, trẻ dưới 5 tuổi, dịch tễ học, Kon Tum. Địa chỉ liên hệ: Lê Thị Thanh Hương Email: lth@huph.edu.vn 1Trung tâm Kiểm soát bệnh tật tỉnh Kon Tum Đặc điểm dịch tễ học bệnh tay chân miệng ở trẻ dưới 5 tuổi tại tỉnh Kon Tum từ năm 2022 đến 6 tháng đầu năm 2024 Trần Quốc Việt1, Lê Thị Thanh Hương2* BÀI BÁO NGHIÊN CỨU GỐC TCM có xu hướng gia tăng, năm 2023 số ca mắc tăng 2,3 lần so với năm 2022 (6). Trước tình hình bệnh TCM vẫn là một bệnh dịch lưu hành tại địa phương, không chỉ sức khỏe cá nhân bị ảnh hưởng, mà còn gây ra những hệ lụy về kinh tế và xã hội. Cụ thể, chi phí y tế gia tăng, người dân mất công việc và thu nhập, gián đoạn giáo dục, ảnh hưởng tiêu cực đến ngành du lịch và kinh doanh địa phương, cũng như gây tác động tiêu cực về tâm lý và xã hội (6). Chính vì vậy chúng tôi tiến hành nghiên cứu với mục tiêu ""Mô tả đặc điểm dịch tễ học bệnh tay chân miệng ở trẻ dưới 5 tuổi tại tỉnh Kon Tum từ năm 2022 đến 6 tháng đầu năm 2024"". PHƯƠNG PHÁP NGHIÊN CỨU Thiết kế nghiên cứu: Nghiên cứu cắt ngang. Địa điểm và thời gian: Nghiên cứu được thực hiện từ tháng 10/2023 đến tháng 8/2024 tại tỉnh Kon Tum. Thời gian thu thập số liệu từ 14/6/2024 đến hết tháng 7 năm 2024. Đối tượng nghiên cứu: Toàn bộ trẻ dưới 5 tuổi mắc bệnh TCM trên địa bàn tỉnh Kon Tum từ năm 2022 đến 6 tháng đầu năm 2024. Cỡ mẫu và phương pháp chọn mẫu: Lựa chọn toàn bộ 234 mẫu, là trẻ dưới 5 tuổi mắc bệnh TCM trên địa bàn tỉnh Kon Tum từ năm 2022 đến 6 tháng đầu năm 2024. Biến số nghiên cứu: Các biến số được phân thành ba nhóm chính. Nhóm biến số về đặc điểm nhân khẩu học bao gồm tuổi, giới tính và địa phương của các ca mắc bệnh. Nhóm biến số về đặc điểm của bệnh tập trung vào số ca bệnh được ghi nhận, cụ thể là các ca xảy ra trong cộng đồng hoặc tại trường học. Nhóm biến số về đặc điểm dịch tễ học bao gồm thời gian mắc bệnh, phân độ lâm sàng (dựa trên báo cáo phần mềm theo Thông tư số 54/2015/TT-BYT) và triệu chứng của bệnh (theo phiếu điều tra ca bệnh từ Quyết định 581/QĐ-BYT). Kỹ thuật, công cụ và quy trình thu thập số liệu: Sử dụng số liệu thứ cấp được thu thập từ phần mềm báo cáo bệnh truyền nhiễm theo Thông tư số 54/2015/TT-BYT và phiếu điều tra ca bệnh theo Quyết định số 581/QĐ-BYT tại tỉnh Kon Tum giai đoạn từ năm 2022 đến 6 tháng đầu năm 2024. Nghiên cứu viên liên hệ và được sự thống nhất của đơn vị để sắp xếp lịch thu thập số liệu phù hợp. Tổ chức thu thập số liệu theo từng đơn vị. Xử lý và phân tích số liệu: Sau khi thu thập, số liệu được làm sạch để loại bỏ các dữ liệu không hợp lệ hoặc thiếu sót, sau đó được nhập vào Microsoft Excel để xử lý. Kết quả sau đó được trình bày dưới dạng các bảng số liệu và biểu đồ để minh họa sự phân bố và tương quan giữa các biến. Đạo đức trong nghiên cứu: Nghiên cứu được tiến hành sau khi Hội đồng đạo đức của Trường Đại học Y tế công cộng đồng ý thông qua theo Quyết định số 286/2024/YTCC- HD3 ngày 13/6/2024. KẾT QUẢ Phân bố ca bệnh theo địa phương Trân Quc Vit và cng s Tp chí Khoa hc Nghiên cu Sc khe và Phát trin (Tp 09, Só 02-2025) Mã DOI: https://doi.org/10.38148/JHDS.0902SKPT24-097 Journal of Health and Development Studies (Vol.09, No.02-2025) 100 1325 1400 94 1200 80 1000 60 718 800 637 588 40 489 600 27 34 400 23 28 20 177 125 200 17 75 14 14 16 o 0 TP Kon Tum Ngc Hi Đăk Glei Kon Plông Đăk Hà Ia HDrai Kon Ry Sa Thy Đăk Tô Tu Mơ Rông Ca mc •T sut mc/100.000 trè dưi 5 tui Biu đ 1. T sut mc bnh TCM/100.000 tr dưi 5 tui trên đa bàn tnh Kon Tum theo đa phưong t năm 2022 đn 6 tháng đu năm 2024 (n=234) T sut mc bnh TCM/100.000 tr dưi vói 75/100.000 tr. 5 tui cao nht là huyn Ia H'Drai vói 1.325/100.000 tr, thp nht là huyn Đăk Tô Phân b ca bnh theo nhóm tui 934 100 1000 80 800 60 600 436 329 400 40 155 200 20 24 84 30 96 o 0 4 - < 5 tui 2 - <4 tui 1 - < 2 tui < 1 tui Nhóm tui •T sut mc/100.000 tr dưi 5 tui theo nhóm tui Ca mc Biu đ 2. T sut mc bnh TCM/100.000 tr dưi 5 tui trên đa bàn tnh Kon Tum theo nhóm tui t năm 2022 đn 6 tháng đu năm 2024 (n=234) tui vói 155/100.000 tr. T sut mc bnh TCM/100.000 tr dưi 5 tui cao nht nhóm 1 - < 2 tui vi Phân b ca bnh theo thi gian 934/100.000 tr, thp nht là nhóm 4 - < 5 20 Bệnh TCM ghi nhận ở tất cả các tháng trong năm. Trong năm 2023, bệnh TCM có 2 đỉnh dịch vào tháng 4 và tháng 9, với xu hướng bệnh gia tăng mạnh vào những tháng cuối năm, đặc biệt từ tháng 7 đến tháng 11; trong năm 2022, bệnh bắt đầu tăng từ tháng 6 đến tháng 8 với đỉnh dịch vào tháng 7. Phân bố ca bệnh theo giới tính, dân tộc, cộng đồng/trường học Bảng 1. Phân bố ca bệnh TCM theo giới tính, dân tộc, cộng đồng/trường học (n=234) Biểu đồ 3. Phân bố ca bệnh TCM theo tháng trên địa bàn tỉnh Kon Tum từ năm 2022 đến 6 tháng đầu năm 2024 (n=234) Đặc điểm Giới tính Tỷ lệ % Nam Nữ Tổng Nam Nữ Dân tộc Kinh 68 48 116 58,6 41,4 Ba Na 29 13 42 69 31 Xơ Đăng 19 8 27 70,4 29,6 Giẻ 13 08 21 62 38 Khác 17 11 28 60,8 39,2 Tổng cộng 146 88 234 62,4 37,6 Phân bố ca bệnh Trường học 33 32 65 50,8 49,2 Cộng đồng 113 56 169 66,9 33,1 Tổng cộng 146 88 234 62,4 37,6 Trong số 234 trẻ mắc bệnh TCM, trẻ nam chiếm 62,4% cao hơn 1,7 lần so với trẻ nữ (37,6%). Tỷ lệ trẻ nam trong số trẻ mắc bệnh cao hơn trẻ nữ trong tất cả các nhóm dân tộc và phân bố ca bệnh theo địa điểm, đặc biệt nổi bật ở nhóm các dân tộc thiểu số như Ba Na, Xơ Đăng, Giẻ. Đối với phân bố theo dân tộc, tỷ lệ mắc bệnh TCM giữa trẻ em người Kinh (49,6%) và nhóm các dân tộc thiểu số (50,4%) không có sự khác biệt lớn. Ngoài ra, trong 234 trẻ mắc bệnh TCM, số trẻ mắc bệnh trong cộng đồng là 169 trẻ (chiếm 72,2%) cao gấp 2,6 lần so với số trẻ mắc bệnh trong trường học là 65 trẻ (chiếm 27,8%). Phân độ lâm sàng khi nhập viện Trn Quc Vit và cng s Tp chí Khoa hc Nghin cu Sc khe và Phát trin (Tp 09, S 02-2025) Mã DOI: https://doi.org/10.38148/JHDS.0902SKPT24-097 Journal of Health and Development Studies (Vol.09, No.02-2025) 2,5% 38,5% 59% Đ1Đ2aĐ 2b Biu đ 4. Phân đ lâm sàng khi nhp vin trên đa bàn tnh Kon Tum t năm 2022 đn 6 tháng đu năm 2024 (n=234) Phân đ lâm sàng bnh TCM khi nhp vin tp đ lâm sàng đ 2b vi 06 ca (chim 2,5%); phân đ lâm sàng đ 3, đ 4 chưa ghi nhn ca mc. trung ch yu phân đ lâm sàng đ 1 vi 138 ca (chim 59%), tip đn là phân đ lâm sàng đ Các triu chng tr dưi 5 tui khi mc 2a vi 90 ca (chim 38,5%) và thp nht là phân bnh tay chân ming St > 37,50C 94,9 Mt mi 92,7 Quy khóc 87,2 Chán ăn 85,9 Đau hng 82,5 Tiêu chày 81,2 C ZI8 ς0∠ Triu chng UON 52,1 Git mình 14,1 Ban dng khác 12,0 Co git 6,0 Lit mm cp 0,0 Du hiu màng não 0,0 Ri lon tri giác 0,0 Ri lon tim mch, hô hp 0,0 T l 0,0 100,0 20,0 40,0 80,0 60,0 Biu đ 5. T l xut hin các triu chng tr dưi 5 tui mc bnh TCM trên đa bàn tính Kon Tum t năm 2022 đn 6 tháng đu năm 2024 (n=234) Các triu chng tr mc bnh TCM thưng gp đa bàn tnh Kon Tum ghi nhn 234 ca mc bnh TCM ti 10/10 huyn, thành ph; không nht là st chim 94,9%; thp nht là triu chng có ca t vong. T sut mc bnh TCM/100.000 co git chim 6%; các triu chng như lit mm tr dưi 5 tui cao nht là huyn Ia H'Drai cp, du hiu màng não, ri lon tri giác, ri lon vói 1.325/100.000 tr, thp nht là huyn Đăk tim mch, hô hp không ghi nhn ca mc. Tô vói 75/100.000 tr. Phân b ca bnh theo nhóm tui BÀN LUN Gn 1/2 s mc TCM tp trung nhóm 1 - < T năm 2022 đn 6 tháng đu năm 2024 trên 2 tui (chim 41%), thp nht là nhóm 4 -< 5 22 tuổi (chiếm 10,3%). Kết quả này tương đồng với nghiên cứu của Thái Quang Hùng (2017) tại tỉnh Đăk Lăk, tỷ lệ trẻ mắc bệnh TCM ở nhóm 1 - < 2 tuổi chiếm cao nhất với 42,6% (7). Kết quả nghiên cứu của Huỳnh Đa Huýt (2018) tại huyện Châu Thành, tỉnh Sóc Trăng thì nhóm 1 - < 2 tuổi cũng chiếm tỷ lệ mắc bệnh cao với 41,8%. Từ 1 - < 2 tuổi là độ tuổi khó triển khai các biện pháp dự phòng nhất, vì tuổi nhỏ, sức đề kháng của trẻ yếu, chưa có khả năng tự vệ sinh cá nhân và chưa ý thức được những biện pháp cần thiết để dự phòng bệnh tật. Phân bố ca bệnh theo thời gian Bệnh TCM ghi nhận ở tất cả các tháng trong năm. Trong năm 2023, bệnh TCM có 2 đỉnh dịch vào tháng 4 và tháng 9, với xu hướng bệnh gia tăng mạnh vào những tháng cuối năm, đặc biệt từ tháng 7 đến tháng 11; trong năm 2022, bệnh bắt đầu tăng từ tháng 6 đến tháng 8 với đỉnh dịch vào tháng 7. Kết quả này phù hợp với nghiên cứu của Thái Quang Hùng (2017) ở Đăk Lăk có 02 mùa dịch là tháng 3 đến tháng 5 và tháng 9 đến tháng 11 (7). Kết quả nghiên cứu của Ngô Văn Su Cà Pan (2017) tại huyện Cao Lãnh, tỉnh Đồng Tháp, cho thấy tỷ lệ ca bệnh TCM nhiều nhất từ tháng 9 đến tháng 11 (8). Sự khác nhau về tháng dịch và mùa dịch tùy thuộc vào điều kiện khí hậu, thời tiết của từng vùng địa lý. Phân bố ca bệnh theo giới tính, dân tộc, cộng đồng/trường học Kon Tum, tỷ lệ trẻ em < 5 tuổi ở nam cao hơn nữ, điều này có thể góp phần làm gia tăng tỷ lệ mắc bệnh ở trẻ nam so với trẻ nữ. Trong 234 ca mắc bệnh TCM, tỷ lệ mắc bệnh TCM giữa người dân tộc Kinh (49,6%) và nhóm các dân tộc thiểu số (50,4%) không có sự khác biệt lớn. Kết quả nghiên cứu này khác với nghiên cứu của Thái Quang Hùng (2017) tại tỉnh Đăk Lăk, khi tỷ lệ mắc bệnh ở nhóm dân tộc thiểu số chỉ chiếm 20%, trong khi người dân tộc Kinh chiếm 80%(7), sự khác biệt này có thể liên quan đến sự đa dạng về dân tộc, tỷ lệ dân tộc thiểu số khác nhau giữa các địa phương. Cụ thể, tỉnh Kon Tum là khu vực miền núi thuộc Bắc Tây Nguyên với 43 dân tộc sinh sống, trong đó người dân tộc thiểu số chiếm gần 54% dân số. Kết quả nghiên cứu của Huỳnh Đa Huýt (2017) tại Sóc Trăng cũng phản ánh sự khác biệt trong phân bố dân tộc, khi tỷ lệ mắc bệnh TCM trong nhóm người Khmer là 47,02%, người Hoa là 1,32% và người Kinh là 55,66% (11). Trong các ca mắc bệnh TCM, gần 3/4 (chiếm 72,2%) trường hợp xảy ra trong cộng đồng. Kết quả nghiên cứu của Huỳnh Đa Huýt (2017) tại Sóc Trăng cũng ghi nhận tỷ lệ mắc TCM trong cộng đồng rất cao, chiếm 90,2% (10). Điều này có thể do trong môi trường cộng đồng, trẻ tiếp xúc với nhiều người (cả người lớn và trẻ em) ở những nơi đông đúc như khu vui chơi, chợ, siêu thị... nơi khó duy trì vệ sinh cá nhân và làm sách các bề mặt, tạo điều kiện thuận lợi cho vi rút lây lan. Các triệu chứng xuất hiện ca mắc bệnh là sốt 92,4%; loét miệng 61,8%; phỏng nước 47,2%, triệu chứng kèm theo chủ yếu là chán ăn 27,8%; quấy khóc 12,8%; mệt mỏi 11,8% (8). Kết quả nghiên cứu của Huỳnh Đa Huýt (2017) tại Sóc Trăng cho thấy triệu chứng chính của trẻ khi nhập viện là sốt kèm mệt mỏi chiếm 71,4%; chán ăn chiếm 40,3%, nổi ban phỏng chiếm 96,1% (10). Hạn chế của nghiên cứu: Do hạn chế về nguồn lực và thời gian, chúng tôi chỉ thu thập được số liệu trong khoảng thời gian 2,5 năm do đó chưa xây dựng được mô hình dự đoán bệnh hoặc xác định chính xác các yếu tố dịch tễ trên địa bàn. KẾT LUẬN Nhóm tuổi từ 1 - 2 tuổi chiếm tỷ lệ mắc cao nhất, tỷ lệ mắc bệnh TCM ở nhóm dân tộc thiểu số chiếm 50,4%. Hầu hết ca bệnh ghi nhận trong cộng đồng. Bệnh bắt đầu gia tăng từ tháng 4 và có xu hướng tăng mạnh vào các tháng cuối năm, đặc biệt từ tháng 7 đến tháng",2022,,vi,"[""lây chủ"", ""Enterovirus (EV)"", ""trong đó thường gặp nhất là"", ""vi rút đường"", ""có thể"", ""đều diễn biến nhẹ"", ""tuy nhiên vẫn có một số"", ""bệnh diễn biến nặng"", ""gây ra những biến"", ""không có ca tử vong"", ""các ca bệnh đều"", ""xuất hiện rải rác quanh"", ""số mắc""]","[""Hand"", ""foot"", ""and mouth disease"", ""children under five years of age"", ""epidemiological""]",[],[],,,2026-05-12 17:43:12.596024+00,2026-05-12 17:43:11.792834+00,,,,,,,,
8,14,ĐẶT VẤN ĐỀ,"Mục tiêu: Mô tả động lực làm việc của điều dưỡng lâm sàng và phân tích một số yếu tố ảnh hưởng tại Bệnh viện Hoàn Mỹ, Bình Phước năm 2023. Phương pháp nghiên cứu: Nghiên cứu cắt ngang kết hợp định lượng, định tính tại BV Hoàn Mỹ, Bình Phước từ tháng 2/2023 - 10/2023. Nghiên cứu định lượng sử dụng bộ công cụ đo lường động lực làm việc (ĐLLV) của điều dưỡng lâm sàng (ĐDLS) tham khảo từ nghiên cứu của Phạm Xuân Anh Đào (2018) được chuẩn hoá từ nghiên cứu của Mbindyo (2009), phát vấn 104 điều dưỡng (ĐD). Nghiên cứu định tính thực hiện 11 phỏng vấn sâu gồm 01 người của Ban Giám đốc, 02 người là Trưởng/phó Phòng Tổ chức cán bộ, Phòng ĐD, 01 thảo luận nhóm với 08 ĐDLS. Kết quả: Tỷ lệ ĐD có ĐLLV là 17,3%, cả 3 yếu tố hài lòng với công việc, cam kết với tổ chức và sự tận tâm với công việc được đánh giá không cao (15,4%, 26,9% và 59,6%). Một số yếu tố ảnh hưởng tích cực: cơ sở vật chất, trang thiết bị; đánh giá kết quả công việc. Một số yếu tố ảnh hưởng vừa ảnh hưởng tích cực vừa tiêu cực gồm: lương và thu nhập, đào tạo phát triển, mối quan hệ trong công việc. Kết luận: Bệnh viện (BV) cần tính toán nhân lực và tăng thu nhập cho ĐD, tiếp tục hỗ trợ kinh phí cho ĐD học tập nâng cao trình độ, duy trì điều kiện làm việc tốt và mối quan hệ trong công việc để tạo động lực làm việc tốt cho ĐD. Lãnh đạo BV cần quan tâm về tinh thần và chế độ thu nhập tới toàn thể nhân viên.",2024,,vi,"[""đang phát triển"", ""tỷ lệ dao"", ""tỷ lệ này dao"", ""BV Bà Rịa-"", ""đánh giá thực hiện công việc"", ""đào tạo"", ""môi trường làm việc"", ""quan hệ với đồng"", ""lãnh đạo"", ""công tác quản lý công việc""]","[""Động lực làm việc"", ""ĐDLS"", ""yếu tố ảnh hưởng"", ""bệnh viện Hoàn Mỹ""]",[],[],,,2026-05-12 17:58:51.331546+00,2026-05-12 17:58:51.551085+00,,,,,,,,
9,15,ĐẶT VẤN ĐỀ,"Mục tiêu: Nghiên cứu được thực hiện để mô tả thực trạng quản lý điều trị tăng huyết áp (THA) và đái tháo đường (ĐTĐ) tại Trạm y tế xã (TYT) năm 2021-2022 và một số yếu tố ảnh hưởng của 3 tỉnh trong chương trình hỗ trợ của Tổ chức Y tế thế giới. Phương pháp nghiên cứu: Nghiên cứu sử dụng thiết kế nghiên cứu mô tả cắt ngang có kết hợp nghiên cứu định lượng và nghiên cứu định tính tại các TYT của 3 tỉnh Đồng Tháp, Hà Giang và Phú Yên. Các thống kê mô tả (tần số, tỷ lệ phần trăm) cho dữ liệu định lượng và phân tích theo chủ đề nghiên cứu cho dữ liệu định tính được thực hiện để mô tả hoạt động quản lý điều trị tại TYT và các yếu tố ảnh hưởng. Kết quả: Số lượng các TYT tham gia chương trình quản lý điều trị THA và ĐTĐ tăng dần theo thời gian với 76,4% tham gia quản lý THA và 34,6% tham gia quản lý ĐTĐ. Số lượng bệnh nhân được quản lý và đến khám tại TYT có xu hướng tăng, nhưng tỷ lệ đạt huyết áp mục tiêu (HAMT) và đường huyết mục tiêu (ĐHMT) không ổn định theo thời gian. Các yếu tố ảnh hưởng chính đến hiệu quả của hoạt động quản lý điều trị tại TYT bao gồm thiếu thuốc, thiết bị y tế, nhân lực, và kinh phí. Kết luận: Các TYT còn gặp nhiều khó khăn trong quá trình thực hiện hoạt động quản lý điều trị THA và ĐTĐ. Cần đảm bảo cung ứng thuốc liên tục, trang bị đầy đủ thiết bị y tế, bổ sung nhân lực chuyên trách, và phân bổ kinh phí ổn định để nâng cao hiệu quả quản lý điều trị THA và ĐTĐ tại TYT. Từ khoá: Tăng huyết áp, đái tháo đường, trạm y tế, bệnh không lây nhiễm. Thực trạng quản lý điều trị tăng huyết áp và đái tháo đường tại Trạm y tế xã của một số tỉnh Việt Nam năm 2021-2022 Lại Thị Minh Hằng1*, Kim Bảo Giang1, Lại Đức Trường2 BÀI BÁO NGHIÊN CỨU GỐC Địa chỉ liên hệ: Lại Thị Minh Hằng Email: laithiminhhang@hmu.edu.vn 1Trường Đại học Y Hà Nội quản lý BKLN, Chính phủ đã ban hành Quyết định số 155/QĐ-TTg nhằm đẩy mạnh hoạt động quản lý và điều trị BKLN tại các TYT (3). Từ cuối năm 2019, WHO đã phối hợp với tổ chức Resolve To Save Lives triển khai chương trình hỗ trợ quản lý BKLN tại các TYT ở Việt Nam. Chương trình áp dụng cách tiếp cận y tế công cộng, tập trung quản lý các trường hợp nhẹ và trung bình tại tuyến xã, với sự hỗ trợ của ba công cụ chính: quy trình đơn giản hóa để quản lý BKLN, hệ thống báo cáo điện tử BKLN, và hệ thống tự học trực tuyến về quản lý THA và ĐTĐ tại TYT. Để tìm hiểu về thực trạng triển khai chương trình quản lý điều trị BKLN tại các TYT thuộc một số tỉnh được WHO hỗ trợ, chúng tôi tiến hành nghiên cứu với hai mục tiêu chính:",2015,,vi,"[""đái tháo đường"", ""bệnh hô hấp mạn tính."", ""Để quản lý BKLN"", ""WHO đã khuyến nghị các"", ""nâng cao"", ""chất lượng nguồn nhân lực"", ""đảm bảo cung"", ""chóng của các BKLN"", ""mỗi năm"", ""trong đó"", ""các phòng khám"", ""bệnh viện"", ""do số lượng bệnh"", ""nhân cần chẩn đoán"", ""điều trị ngày càng tăng."", ""Để giảm bớt gánh nặng"", ""cải thiện hiệu quả""]",[],[],[],,,2026-05-12 18:11:03.181856+00,2026-05-12 18:11:01.712951+00,,,,,,,,
10,17,Tuân thủ điều trị và một số yếu tố liên quan ở người nghiện chất dạng thuốc phiện đang được quản lý điều trị thay thế bằng Methadone tại tỉnh Quảng Bình năm 2023,"Mục tiêu: Mô tả tuân thủ điều trị (TTĐT) thay thế chất dạng thuốc phiện (CDTP) bằng methadone ở người bệnh được quản lý điều trị tại tỉnh Quảng Bình năm 2023 và phân tích một số yếu tố liên quan. Phương pháp nghiên cứu: Nghiên cứu cắt ngang, chọn mẫu toàn bộ 133 người bệnh đang được quản lý điều trị tại 3 cơ sở điều trị và cấp phát thuốc của tỉnh Quảng Bình. Thu thập số liệu từ 4-7/2023.",2024,,vi,"[""Đinh Giang Linh"", ""Hà Anh Đức"", ""Nguyễn Thu Hà""]","[""Treatment adherence"", ""associated factors"", ""methadone substitution therapy""]",[],[],,,2026-05-12 18:28:36.309432+00,2026-05-12 18:28:35.918328+00,,,,,,,,
11,21,113659_b8390e0918882bc1,"140
Tạp chí Khoa học Nghiên cứu Sức khỏe và Phát triển (Tập 09, Số 02-2025)
Journal of Health and Development Studies (Vol.09, No.02-2025)Hồ Đăng Thịnh và cộng sự 
Mã DOI: https://doi.org/10.38148/JHDS.0902SKPT24-112
ĐẶT VẤN ĐỀ
Bệnh thận mãn tính (BTMT) là tình trạng 
giảm kéo dài mức lọc cầu thận ước tính 
(eGFR) và/hoặc có albumin niệu, hay nói 
cách khác là các rối loạn không đồng nhất 
ảnh hưởng đến cấu trúc cũng như chức năng 
thận và không hồi phục (1–3). Theo báo 
cáo của Hiệp hội Thận học Quốc tế (ISN) 
năm 2023, hiện nay ước tính có khoảng 850 
triệu người đang sống chung với BTMT trên 
toàn thế giới, với tỷ lệ tử vong trung bình do 
BTMT là 2,4% (4). Tại Việt Nam, theo báo cáo của PGS.TS Nguyễn Khoa Diệu Vân tại 
tọa đàm Ứng dụng tiến bộ y khoa về quản lý 
bệnh thận mạn (2023) ước tính có khoảng 
10 triệu người mắc BTMT, chiếm 10,1% 
dân số, 800.000 NB cần phải chạy thận nhân 
tạo, 26.000 người bị suy thận mạn giai đoạn 
cuối phải lọc máu chu kỳ, 8000 người được 
chẩn đoán mắc mới mỗi năm, tỷ lệ tử vong 
xếp  thứ 8 trong số 10 nguyên nhân hàng 
đầu gây tử vong tại Việt Nam (5). Tổ chức 
Y tế Thế giới (WHO) định nghĩa Chất lượng 
cuộc sống (CLCS) là nhận thức của một cá 
n",,,vi,[],[],[],[],,,2026-05-12 19:48:22.683478+00,2026-05-12 19:48:21.020484+00,,,,,,,,
12,23,Tuân thủ điều trị và một số yếu tố liên quan ở người nghiện chất dạng thuốc phiện đang được quản lý điều trị thay thế bằng Methadone tại tỉnh Quảng Bình năm 2023,"Mục tiêu: Mô tả tuân thủ điều trị (TTĐT) thay thế chất dạng thuốc phiện (CDTP) bằng methadone ở người bệnh được quản lý điều trị tại tỉnh Quảng Bình năm 2023 và phân tích một số yếu tố liên quan. Phương pháp nghiên cứu: Nghiên cứu cắt ngang, chọn mẫu toàn bộ 133 người bệnh đang được quản lý điều trị tại 3 cơ sở điều trị và cấp phát thuốc của tỉnh Quảng Bình. Thu thập số liệu từ 4-7/2023.",2024,,vi,"[""Đinh Giang Linh"", ""Hà Anh Đức"", ""Nguyễn Thu Hà""]","[""Treatment adherence"", ""associated factors"", ""methadone substitution therapy""]",[],[],,,2026-05-12 19:50:13.948828+00,2026-05-12 19:50:11.817719+00,,,,,,,,
40,52,Tuân thủ điều trị và một số yếu tố liên quan ở người nghiện chất dạng thuốc phiện đang được quản lý điều trị thay thế bằng Methadone tại tỉnh Quảng Bình năm 2023,"Mục tiêu: Mô tả tuân thủ điều trị (TTĐT) thay thế chất dạng thuốc phiện (CDTP) bằng methadone ở người bệnh được quản lý điều trị tại tỉnh Quảng Bình năm 2023 và phân tích một số yếu tố liên quan. Phương pháp nghiên cứu: Nghiên cứu cắt ngang, chọn mẫu toàn bộ 133 người bệnh đang được quản lý điều trị tại 3 cơ sở điều trị và cấp phát thuốc của tỉnh Quảng Bình. Thu thập số liệu từ 4-7/2023.",2024,,vi,"[""Đinh Giang Linh"", ""Hà Anh Đức"", ""Nguyễn Thu Hà""]","[""Treatment adherence"", ""associated factors"", ""methadone substitution therapy""]",[],[],,,2026-05-13 18:42:44.990927+00,2026-05-13 18:42:45.438774+00,,,,,,,,
13,24,113650_b5be2a9129abbd0f,"64
Tạp chí Khoa học Nghiên cứu Sức khỏe và Phát triển (Tập 09, Số 02-2025)
Journal of Health and Development Studies (Vol.09, No.02-2025)Phạm Quốc Thành và cộng sự
Mã DOI: https://doi.org/10.38148/JHDS.0902SKPT24-113
ĐẶT VẤN ĐỀ
Tại Việt Nam, các hệ thống thông tin KHCN 
được phát triển theo hệ thống phân cấp quản 
lý của nhà nước (1). Hệ thống QLTT KHCN 
là kết hợp của nhiều thành phần hoạt động 
đồng bộ nhằm tối ưu hóa trong lưu trữ, quản 
lý, theo dõi, đồng bộ và khai thác thông tin 
KHCN, bao gồm: Mô hình, cơ sở dữ liệu, 
hệ thống quản lý tài liệu, công cụ tìm kiếm 
và tra cứu, quản lý dự án và tài trợ, đánh 
giá và phân tích, nền tảng kết nối, an toàn 
thông tin, báo cáo thông kê, cũng như giao 
diện người dùng. QLTT NCKH đóng vai trò nền tảng trong 
việc tổ chức, lưu trữ, và chia sẻ dữ liệu, đảm 
bảo tính chính xác và khả năng truy xuất để 
thúc đẩy hợp tác và đổi mới khoa học. Nó 
không chỉ tối ưu hóa nguồn lực nghiên cứu 
mà còn tăng cường khả năng áp dụng các phát 
hiện vào thực tiễn, góp phần vào sự phát triển 
bền vững của xã hội. Tại Việt Nam, nhận thức 
về tầm quan trọng của chuyển đổi số trong 
quản lý KHCN cũng ngày càng được nâng 
cao. Chiến lược Chuyển đổi số quốc g",,,vi,[],[],[],[],,,2026-05-12 19:50:42.217984+00,2026-05-12 19:50:40.636644+00,,,,,,,,
14,25,113650_b5be2a9129abbd0f,"64
Tạp chí Khoa học Nghiên cứu Sức khỏe và Phát triển (Tập 09, Số 02-2025)
Journal of Health and Development Studies (Vol.09, No.02-2025)Phạm Quốc Thành và cộng sự
Mã DOI: https://doi.org/10.38148/JHDS.0902SKPT24-113
ĐẶT VẤN ĐỀ
Tại Việt Nam, các hệ thống thông tin KHCN 
được phát triển theo hệ thống phân cấp quản 
lý của nhà nước (1). Hệ thống QLTT KHCN 
là kết hợp của nhiều thành phần hoạt động 
đồng bộ nhằm tối ưu hóa trong lưu trữ, quản 
lý, theo dõi, đồng bộ và khai thác thông tin 
KHCN, bao gồm: Mô hình, cơ sở dữ liệu, 
hệ thống quản lý tài liệu, công cụ tìm kiếm 
và tra cứu, quản lý dự án và tài trợ, đánh 
giá và phân tích, nền tảng kết nối, an toàn 
thông tin, báo cáo thông kê, cũng như giao 
diện người dùng. QLTT NCKH đóng vai trò nền tảng trong 
việc tổ chức, lưu trữ, và chia sẻ dữ liệu, đảm 
bảo tính chính xác và khả năng truy xuất để 
thúc đẩy hợp tác và đổi mới khoa học. Nó 
không chỉ tối ưu hóa nguồn lực nghiên cứu 
mà còn tăng cường khả năng áp dụng các phát 
hiện vào thực tiễn, góp phần vào sự phát triển 
bền vững của xã hội. Tại Việt Nam, nhận thức 
về tầm quan trọng của chuyển đổi số trong 
quản lý KHCN cũng ngày càng được nâng 
cao. Chiến lược Chuyển đổi số quốc g",,,vi,[],[],[],[],,,2026-05-12 20:09:30.326302+00,2026-05-12 20:09:30.451345+00,,,,,,,,
15,26,122084_8618ff206e4ea3d8,"25
Tạp chí Khoa học Nghiên cứu Sức khỏe và Phát triển (Tập 09, Số 03-2025)
Journal of Health and Development Studies (Vol.09, No.03-2025)Bùi Thị Thủy và cộng sự
Mã DOI: https://doi.org/10.38148/JHDS.0903SKPT25-054
ĐẶT VẤN ĐỀ
Điều dưỡng nhi khoa là một thành phần thiết 
yếu trong việc cung cấp dịch vụ chăm sóc sức 
khỏe cho trẻ em tại bệnh viện (1). Điều dưỡng 
trưởng khoa nhi đóng vai trò quan trọng trong 
việc quản lý và điều phối hoạt động chăm sóc 
sức khỏe có chất lượng cho trẻ em tại các cơ 
sở y tế (1). Ngoài ra, điều dưỡng trưởng khoa 
nhi còn tham mưu cho lãnh đạo về công tác 
chăm sóc người bệnh, quản lý các hoạt động 
của điều dưỡng, kỹ thuật viên và hệ thống điều dưỡng trưởng các khoa, góp phần nâng 
cao hiệu quả hoạt động của bệnh viện. 
Hiện nay, có sự thiếu hụt về số lượng điều 
dưỡng trưởng khoa có đủ trình độ và năng 
lực đảm nhiệm vai trò lãnh đạo, quản lý điều 
dưỡng trong các cơ sở y tế (1-2). Hơn nữa, sự 
thiếu hụt của các chương trình đào tạo chuyên 
sâu về kỹ năng quản lý và lãnh đạo khiến cho 
điều dưỡng trưởng nhi khoa gặp nhiều thách 
thức trong việc điều hành nhóm và đảm bảo 
chất lượng chăm sóc trẻ em (2). Để giải quyết 
tình trạng này, cần t",,,vi,[],[],[],[],,,2026-05-12 20:32:22.888138+00,2026-05-12 20:32:22.673757+00,,,,,,,,
16,28,113639_2cd68eb55782c4de,"26
Tạp chí Khoa học Nghiên cứu Sức khỏe và Phát triển (Tập 09, Số 02-2025)
Journal of Health and Development Studies (Vol.09, No.02-2025)Ngô Quốc Huy và cộng sự
Mã DOI: https://doi.org/10.38148/JHDS.0902SKPT24-125
ĐẶT VẤN ĐỀ
Nguồn nhân lực là một thành phần rất quan 
trọng, bảo đảm các dịch vụ y tế được cung 
cấp chất lượng. ĐDLS đóng vai trò không thể 
thiếu trong việc hỗ trợ các bác sỹ khám chữa 
bệnh, chăm sóc phục vụ người bệnh (1). Nâng 
cao ĐLLV của ĐDLS đóng vai trò quan trọng, 
giúp họ thực hiện công việc ngày càng tốt để 
BV (BV) đạt được các mục tiêu. Một số nghiên 
cứu cho thấy nhân lực y tế có ĐLLV chưa cao, 
nhất là ở các quốc gia kém và đang phát triển, điểm trung bình ĐLLV dưới 4/5 và tỷ lệ dao 
động từ 20-40% (2). Tại Việt Nam, tỷ lệ này dao 
động từ 30-50% (BV đa khoa khu vực La Gi, 
Bình Thuận năm 2022 là 33,6%; BV Bà Rịa-
Vũng Tàu 2019: 38,7%) (3-4). Một số yếu tố 
ảnh hưởng đến ĐLLV: chế độ lương, thưởng; 
đánh giá thực hiện công việc; đào tạo và phát 
triển; môi trường làm việc; quan hệ với đồng 
nghiệp và lãnh đạo; công tác quản lý công việc; 
các chính sách qui định của tổ chức (3-7).
BV Hoàn Mỹ Bình Phước gia nhập Tập đoàn 
Y khoa Hoàn Mỹ năm 2017 với quy mô",,,vi,[],[],[],[],,,2026-05-12 21:14:12.338061+00,2026-05-12 21:14:11.442361+00,,,,,,,,
17,29,126345_dea24b0afb047153,"P
-
ISSN 1859
-
3585  
   
E
-
ISSN 2615
-
961
9
    
 
h
ttp
s
://
jst
-
haui.
vn
                              
 
                                                      
SCIENCE 
-
 
TECHNOLOGY
 
Vol. 
6
1
 
-
 
No
. 
5
B
 
(
Ma
y
 
202
5
)
 
 
   
 
                                        
 
             
                                          
                                
HaUI 
J
ournal 
of
 
Science and Technology
 
337
 
 
 
THÀNH PH
ẦN HÓA HỌC CỦA CAO CHIẾT ETHYL ACETATE
 
T
Ừ LO
ÀI CU
ỒNG VIỆT NAM (
ARALIA VIETNAMENSIS
)
 
Ở VIỆT NAM
 
CHEMICAL CONSTITUENTS OF THE ETHYL ACETATE EXTRACT FROM 
ARALIA VIETNAMENSIS
 
IN VIETNAM
 
 
 
V
ũ Th
ành Đ
ạt
1,2
, Đ
ỗ Khắc H
ùng
3
, Hoàng Th
ị Bích
1
,
 
Nguy
ễn Thị Hoa
4
, Ph
ạm Thị Thủy
5
,
 
Nguy
ễn Thị Kim An
6
, Đ
ỗ Tiến Lâm
1,2,*
 
DOI: http://doi.org/10.57001/huih5804.2025.18
8
 
TÓM T
ẮT
 
Cu
ồng Việt Nam (
Aralia vietnamensis
) là m
ột lo
ài đ
ặc hữu của Việt Nam đ
ư
ợc ứng dụng trong y học dân gian, đặc biệt điều trị các vấn đề li
ên quan đ
ến bệnh 
th
ấp khớp. Lần đầu ti
ên t
ừ phân đoạn ethyl acetate lo
ài Cu
ồng Việt Nam tại H
à Giang đ
ã phân l
ập v
à xác đ
ịnh cấu trúc của sáu 
h
ợp chất, gồ
m ba triterpenoid: 
olea",,,vi,[],[],[],[],,,2026-05-12 21:51:32.289217+00,2026-05-12 21:51:30.880975+00,,,,,,,,
18,30,CVv46V556S12025045,"TẠP CHÍ Y HỌC VIỆT NAM TẬP 556 - THÁNG 11 - SỐ 1 - 2025  
 
45 2. Eric Barcak 1, Cory A Collinge (2016), 
""Metaphyseal Distal Tibia Fractures: A Cohort, 
Single -Surgeon Study Comparing Outcomes of 
Patients Treated With Minimally Invasive Plating 
Versus Intramedullary Nailing"", Orthop Trauma. 
30(5), pp. e169 -74. 
3. Cory Collinge 1, Robert Protzman  (2010), 
""Outcomes of minimally invasive plate 
osteosynthesis for metaphyseal distal tibia 
fractures"", Ort hop Trauma. 24(1).  4. Syah Bahari, Brian Lenehan, Hamad Khan, 
John P. Mcelwain  (2007), ""Minimally invasive 
percutaneous plate fixation of distal tibia 
fractures"", Acta Orthop. Belg. 73, pp. 635 -640. 
5. Mahantesh Magadum, Deepak D. Chitragar, 
Shreyas Zalari ya, Manjunath K. L.  (2025), 
""Clinical and radiological outcome of minimally 
invasive plate osteosynthesis in distal tibial 
fractures: a retrospective analysis"", Original 
Research Article. 11(3), pp. 550 -55 
 
 
ĐẶC ĐI ỂM LÂM SÀNG C ỦA NGƯ ỜI BỆNH T ẮC MẬT 
DO UNG THƯ GAN, M ẬT, T ỤY TẠI BỆNH VI ỆN K NĂM 2025  
 
Nguyễn Thị Thùy Trang1, Nguyễn Thu Hà1, 
Nguyễn Thị Vân Anh2, Nguyễn Thị Như Mai1, Đỗ Quang Tuyển1 
 
TÓM TẮT 12 
Mục tiêu:  Mô tả đặc điểm lâm sàng ",,,vi,[],[],[],[],,,2026-05-12 22:19:41.854652+00,2026-05-12 22:19:41.125727+00,,,,,,,,
19,31,CVv46V556S12025029,"TẠP CHÍ Y HỌC VIỆT NAM TẬP 556 - THÁNG 11 - SỐ 1 - 2025  
 
29 trường hợp (3,3%), vỡ cuống và nhổ vít khi nắn 
chỉnh gặp 1 trường hợp (1,7%). Nghiên c ứu của 
Nguyễn Vũ ghi nhận 3 BN (3,3%) rách màng 
cứng trong mổ, 4,4% vỡ cuống.12 Nghiên cứu 
của Sakaura gặp biến chứng rách màng cứng 
4,3%, vỡ cuống 3,3%  ở BN can thiệp 1 tầng và 
5% ở BN can thiệp hai tầng.10  
Đánh giá tiên lượng kết quả hổi phục sau mổ 
cho thấy nhóm bệnh nhân tuổi <  60 có mức độ 
hồi phục thần kinh theo JOA (RR) tốt hơn  có ý 
nghĩa thống kê (p < 0,05). Ngoài ra, bệnh nhân 
nữ giới và có phân loại ASA 1, 2 là các yếu tố 
tiên lượng mức độ hồi phục tốt hơn sau mổ trên 
6 tháng.   
V. KẾT LU ẬN 
Phẫu t huật cố định cột sống và hàn xương 
liên thân đốt để điều trị mất vững cột sống là 
phẫu thuật an toàn, ít biến chứng, triệu chứng 
lâm sàng cải thiện dần theo thời gian sau mổ. 
Tuổi bệnh nhân dưới 60, nữ giới và có phân loại 
ASA 1, 2 là các yếu tố tiên lượng  mức độ hồi 
phục tốt hơn sau mổ trên 6 tháng.   
TÀI LIỆU THAM KHẢO  
1. Cole CD, McCall TD, Schmidt MH, Dailey AT. 
Comparison of low back fusion techniques: 
transforaminal lumbar interbody fusion (TLIF) or 
posterior lumbar interbody fusion (PLIF) 
ap",,,vi,[],[],[],[],,,2026-05-13 15:46:55.5301+00,2026-05-13 15:46:54.040818+00,,,,,,,,
20,32,CVv46V556S12025029,"TẠP CHÍ Y HỌC VIỆT NAM TẬP 556 - THÁNG 11 - SỐ 1 - 2025  
 
29 trường hợp (3,3%), vỡ cuống và nhổ vít khi nắn 
chỉnh gặp 1 trường hợp (1,7%). Nghiên c ứu của 
Nguyễn Vũ ghi nhận 3 BN (3,3%) rách màng 
cứng trong mổ, 4,4% vỡ cuống.12 Nghiên cứu 
của Sakaura gặp biến chứng rách màng cứng 
4,3%, vỡ cuống 3,3%  ở BN can thiệp 1 tầng và 
5% ở BN can thiệp hai tầng.10  
Đánh giá tiên lượng kết quả hổi phục sau mổ 
cho thấy nhóm bệnh nhân tuổi <  60 có mức độ 
hồi phục thần kinh theo JOA (RR) tốt hơn  có ý 
nghĩa thống kê (p < 0,05). Ngoài ra, bệnh nhân 
nữ giới và có phân loại ASA 1, 2 là các yếu tố 
tiên lượng mức độ hồi phục tốt hơn sau mổ trên 
6 tháng.   
V. KẾT LU ẬN 
Phẫu t huật cố định cột sống và hàn xương 
liên thân đốt để điều trị mất vững cột sống là 
phẫu thuật an toàn, ít biến chứng, triệu chứng 
lâm sàng cải thiện dần theo thời gian sau mổ. 
Tuổi bệnh nhân dưới 60, nữ giới và có phân loại 
ASA 1, 2 là các yếu tố tiên lượng  mức độ hồi 
phục tốt hơn sau mổ trên 6 tháng.   
TÀI LIỆU THAM KHẢO  
1. Cole CD, McCall TD, Schmidt MH, Dailey AT. 
Comparison of low back fusion techniques: 
transforaminal lumbar interbody fusion (TLIF) or 
posterior lumbar interbody fusion (PLIF) 
ap",,,vi,[],[],[],[],,,2026-05-13 15:48:28.417331+00,2026-05-13 15:48:28.047586+00,,,,,,,,
21,33,126332_d064679bea5b6e52,"CÔNG NGH
Ệ
 
                                                                         
h
ttp
s
://
jst
-
haui.
vn
 
   
T
ạp chí
 
Khoa h
ọc v
à Công ngh
ệ
 
Trư
ờng Đại học Công nghiệp H
à N
ội
 
                                                
  
T
ập 6
1
 
-
 
S
ố 
5
B
 
(
5
/202
5
)
 
280
KHOA H
ỌC
 
 
P
-
ISSN 1859
-
3585
     
E
-
ISSN 2615
-
961
9
 
 
 
PHÂN TÍCH GC
-
MS, TH
Ử
 
NGHI
Ệ
M HO
Ạ
T TÍNH KHÁNG
 
ĐÁI THÁO ĐƯ
Ờ
NG VÀ GÂY Đ
Ộ
C T
Ế
 
BÀO UNG THƯ C
Ủ
A HAI LOÀI
 
T
Ả
O 
Turbinaria conoides
 
VÀ 
Turbinaria decurrens
 
GC
-
MS ANALYSIS, ANTI
-
DIABETIC, AND CANCER CELL TOXICITY OF TWO SPECIES
 
OF ALGAE 
Turbinaria conoides
 
AND 
Turbinaria decurrens
 
 
N
guy
ễ
n Duy Tu
ấ
n
1,
3
, 
Nguy
ễ
n Cư
ờ
ng Qu
ố
c
1
, Ngô H
ồ
ng Phong
3
,
 
Tr
ầ
n Duy Khang
3
, Ph
ạ
m Văn Vĩ
3
, Lê Đăng Quang
2
,
 
Lưu Vũ Phương
1
, Tr
ầ
n Thanh M
ế
n
1
, Tr
ầ
n Quang Đ
ệ
1,*
 
DOI: http://doi.org/10.57001/huih5804.2025.1
80
 
TÓM T
Ắ
T 
 
Thành ph
ầ
n hóa h
ọ
c c
ủ
a hai loài t
ả
o nâu 
Turbinaria conoides
 
và 
Turbinaria decurrens
 
đ
ã 
đư
ợ
c phân tích b
ằ
ng phương pháp GC
-
MS. K
ế
t qu
ả
 
cho th
ấ
y 
T. 
conoides
 
ch
ứ
a 12 h
ợ
p ch
ấ
t, trong đó squalene chi
ế
m t
ỷ
 
l
ệ
 
cao nh",,,vi,[],[],[],[],,,2026-05-13 15:51:33.162889+00,2026-05-13 15:51:32.118575+00,,,,,,,,
22,34,113650_b5be2a9129abbd0f,"64
Tạp chí Khoa học Nghiên cứu Sức khỏe và Phát triển (Tập 09, Số 02-2025)
Journal of Health and Development Studies (Vol.09, No.02-2025)Phạm Quốc Thành và cộng sự
Mã DOI: https://doi.org/10.38148/JHDS.0902SKPT24-113
ĐẶT VẤN ĐỀ
Tại Việt Nam, các hệ thống thông tin KHCN 
được phát triển theo hệ thống phân cấp quản 
lý của nhà nước (1). Hệ thống QLTT KHCN 
là kết hợp của nhiều thành phần hoạt động 
đồng bộ nhằm tối ưu hóa trong lưu trữ, quản 
lý, theo dõi, đồng bộ và khai thác thông tin 
KHCN, bao gồm: Mô hình, cơ sở dữ liệu, 
hệ thống quản lý tài liệu, công cụ tìm kiếm 
và tra cứu, quản lý dự án và tài trợ, đánh 
giá và phân tích, nền tảng kết nối, an toàn 
thông tin, báo cáo thông kê, cũng như giao 
diện người dùng. QLTT NCKH đóng vai trò nền tảng trong 
việc tổ chức, lưu trữ, và chia sẻ dữ liệu, đảm 
bảo tính chính xác và khả năng truy xuất để 
thúc đẩy hợp tác và đổi mới khoa học. Nó 
không chỉ tối ưu hóa nguồn lực nghiên cứu 
mà còn tăng cường khả năng áp dụng các phát 
hiện vào thực tiễn, góp phần vào sự phát triển 
bền vững của xã hội. Tại Việt Nam, nhận thức 
về tầm quan trọng của chuyển đổi số trong 
quản lý KHCN cũng ngày càng được nâng 
cao. Chiến lược Chuyển đổi số quốc g",,,vi,[],[],[],[],,,2026-05-13 15:54:48.31428+00,2026-05-13 15:54:45.700406+00,,,,,,,,
23,35,113635_c7d7e0118d7a6f56,"18
Tạp chí Khoa học Nghiên cứu Sức khỏe và Phát triển (Tập 09, Số 02-2025)
Journal of Health and Development Studies (Vol.09, No.02-2025)ĐẶT VẤN ĐỀ
Bệnh tay chân miệng (TCM) là một trong 
những bệnh truyền nhiễm cấp tính ở Việt 
Nam, thường gặp ở trẻ dưới 5 tuổi, lây chủ 
yếu theo đường tiêu hóa (1). Tác nhân gây 
bệnh TCM thuộc nhóm vi rút đường ruột 
Enterovirus (EV), trong đó thường gặp nhất là 
vi rút Coxsackie A16 (CV A16), vi rút đường 
ruột týp 71 (EV 71). Trong khi CV A16 gây 
nên bệnh cảnh nhẹ ở trẻ thì EV 71 có thể gây nên bệnh cảnh thần kinh trầm trọng và có thể 
dẫn đến tử vong (2-4). Các ca bệnh hầu hết 
đều diễn biến nhẹ, tuy nhiên vẫn có một số 
ca, bệnh diễn biến nặng, gây ra những biến 
chứng nguy hiểm (2-4). Trên thế giới hiện 
nay đã có vắc xin phòng bệnh (5).
Từ năm 2022 đến 6 tháng đầu năm 2024, 
trên địa bàn tỉnh Kon Tum ghi nhận 234 ca 
mắc, không có ca tử vong; các ca bệnh đều 
là trẻ dưới 5 tuổi và xuất hiện rải rác quanh 
năm, đặc biệt sau đại dịch COVID-19, số mắc TÓM TẮT 
Mục tiêu: Mô tả đặc điểm dịch tễ học bệnh tay chân miệng ở trẻ dưới 5 tuổi tại tỉnh Kon Tum từ năm 
2022 đến 6 tháng đầu năm 2024.
Phương pháp nghiên cứu: Nghiên cứu cắt ngang, sử dụng ",,,vi,[],[],[],[],,,2026-05-13 16:00:47.963184+00,2026-05-13 16:00:47.737421+00,,,,,,,,
24,36,113651_9d929ce2962f1e4e,"72
Tạp chí Khoa học Nghiên cứu Sức khỏe và Phát triển (Tập 09, Số 02-2025)
Journal of Health and Development Studies (Vol.09, No.02-2025)Đoàn Ngọc Anh Tuấn và cộng sự 
Mã DOI: https://doi.org/10.38148/JHDS.0902SKPT24-110
ĐẶT VẤN ĐỀ
Ung thư cổ tử cung là u ác tính phổ biến thứ 2 
ở phụ nữ trên toàn cầu và tại Việt Nam. Bệnh 
có tỉ lệ tử vong cao đứng hàng thứ 4 trong các 
ung thư thường gặp ở nữ giới chiếm 7,7%, 
bệnh thường được phát hiện ở giai đoạn muộn 
(1). Theo số liệu từ cơ quan nghiên cứu ung 
thư quốc tế IARC, năm 2020 số ca mắc mới 
ung thư cổ tử cung là 60.127 ca. Tại Việt 
Nam, hàng năm ước tính có khoảng 5.664 ca 
được chẩn đoán mắc ung thư cổ tử cung, và có tới 2.472 ca tử vong do căn bệnh này (2). 
Ung thư cổ tử cung gây ảnh hưởng rất lớn 
đến sức khỏe, tâm lý đối với phụ nữ. Nhưng 
ung thư cổ tử cung có thể được điều trị khỏi 
hoàn toàn nếu được chẩn đoán và điều trị ở 
giai đoạn sớm. Hiện nay, việc khám sàng lọc 
ung thư cổ tử cung tại Việt Nam được xem 
là biện pháp góp phần xóa bỏ ung thư cổ tử 
cung theo lời kêu gọi của tổ chức Y tế thế giới 
WHO năm 2018. Nhiều nghiên cứu đã chứng 
tỏ rằng phương pháp xét nghiệm tế bào học TÓM TẮT 
Mục tiêu: Mô tả một số đặc điể",,,vi,[],[],[],[],,,2026-05-13 16:30:32.70508+00,2026-05-13 16:30:31.067407+00,,,,,,,,
25,37,120304_ee71140869c24780,"JSLHU  JOURNAL OF SCIENCE  
OF LAC HONG UNIVERSITY ISSN: 2525 - 2186  
Tạp chí Khoa học Lạc Hồng, 2025, 21, 104-114 
104 
JSLHU, Issue 21, March  2025ỨNG DỤNG TRÍ TUỆ NHÂN TẠO TRONG SÀNG LỌC SỚM TỰ KỶ - 
TIẾN BỘ VÀ THÁCH THỨC  
Lâm Thành Hiển1, Trần Văn Công2, Trần Gia Huy1, Vũ Đăng Khoa1, Nguy ễn Thanh Hi ền1, Đỗ Đức 
Hiển1, Hoàng Văn Nhân1, Trần Văn Thành1* 
1Trường Đ ại học Lạc Hồng, s ố 10 Hu ỳnh Văn Ngh ệ, Bửu Long, Biên Hòa, Đ ồng Nai, Vi ệt Nam  
2 Trường Đại học Giáo Dục, Nhà G7, 144 đường Xuân Thủy, Hà Nội, Việt Nam  
* Tác giả liên hệ: thanhtran@lhu.edu.vn
THÔNG TIN BÀI BÁO  TÓM TẮT  
Vấn đề sàng lọc sớm trẻ tự kỷ đang là vấn đề khó khăn của không chỉ Việt nam và còn 
của nhiều nước trên thế giới, đặc biệt là ở những nước chưa có sự phát triển của hệ 
thống y tế đủ mạnh. Trong những năm gần đây với sự phát triển của công nghệ thông 
tin đã  có nhiều nghiên cứu ở thế giới về ứng dụng trí tuệ nhân tạo (AI - viết tắt của 
Artificial Intelligence , là lĩnh vực khoa học máy tính tập trung vào việc phát triển các 
hệ thống và thuật toán để thực hiện những nhiệm vụ đòi hỏi trí tuệ mà con người 
thường thực hiện) trong hỗ trợ sàng lọc sớm. Báo cáo này khái quát kết quả nghiên 
cứ",,,vi,[],[],[],[],,,2026-05-13 16:34:33.793391+00,2026-05-13 16:34:32.666318+00,,,,,,,,
26,38,126432_52e696e40de4b178,"P
-
ISSN 1859
-
3585  
   
E
-
ISSN 2615
-
961
9
    
 
h
ttp
s
://
jst
-
haui.
vn
                              
 
                                                      
SCIENCE 
-
 
TECHNOLOGY
 
Vol. 
6
1
 
-
 
No
. 
5
B
 
(
Ma
y
 
202
5
)
 
 
   
 
                                        
 
             
                                          
                                
HaUI 
J
ournal 
of
 
Science and Technology
 
507
 
 
 
KH
Ả
O SÁT THÀNH PH
Ầ
N HÓA H
Ọ
C C
Ủ
A H
Ạ
T CÂY K
Ế
 
S
Ữ
A 
(
SILYBUM MARIANUM
)
 
PHYTOCHEMICAL INVESTIGATION  OF THE SEEDS OF 
SILIBUM MARIANUM
 
 
Ngô Văn Hi
ế
u
1
, 
Ph
ạ
m Thanh Loan
2
, Nguy
ễ
n Th
ị
 
Kim Thúy
1
,
 
L
ạ
i Hà Phương
1
, Hoàng Lê Tu
ấ
n Anh
1,*
  
 
DOI: http://doi.org/10.57001/huih5804.2025.21
2
 
TÓM T
Ắ
T
 
T
ừ
 
d
ị
ch chi
ế
t methanol c
ủ
a h
ạ
t cây k
ế
 
s
ữ
a (
Silybum marianum
), s
ử
 
d
ụ
ng các phương pháp s
ắ
c ký c
ộ
t silica gel, sephadex LH
-
20 và RP
-
18 đ
ã phân l
ậ
p đư
ợ
c 5 
h
ợ
p ch
ấ
t; c
ấ
u trúc hóa h
ọ
c c
ủ
a các ch
ấ
t đư
ợ
c xác đ
ị
nh vi
ệ
c phân tích d
ữ
 
li
ệ
u ph
ổ
 
c
ộ
ng hư
ở
ng t
ừ
 
h
ạ
t nhân (NMR) và ph
ổ
 
kh
ố
i lư
ợ
ng (MS); các h
ợ
p ch
ấ
t này l
ầ
n lư
ợ
t 
đư
ợ
c xác đ
ị
nh là h",,,vi,[],[],[],[],,,2026-05-13 16:47:29.484869+00,2026-05-13 16:47:28.420566+00,,,,,,,,
27,39,113641_9519fd1292a9a016,"34
Tạp chí Khoa học Nghiên cứu Sức khỏe và Phát triển (Tập 09, Số 02-2025)
Journal of Health and Development Studies (Vol.09, No.02-2025)Trần Thị Thu Thủy và cộng sự
Mã DOI: https://doi.org/10.38148/JHDS.0902SKPT25-022
ĐẶT VẤN ĐỀ
Tổ chức Y tế Thế giới ước tính hàng năm có 
2 triệu ca tử vong liên quan đến nghề nghiệp, 
trong đó 386.000 ca tử vong do tiếp xúc 
với bụi (1). Bệnh bụi phổi silic là bệnh điển 
hình ở NLĐ tiếp xúc thường xuyên với tinh 
thể silic tự do trong một số ngành nghề sau 
thời gian phơi nhiễm kéo dài (2). Theo báo 
cáo Gánh nặng bệnh tật toàn cầu năm 2019, 
các trường hợp mắc bệnh BPSi tăng khoảng 
64,6% sau 30 năm (3). Tại Việt Nam, năm 
2018 có khoảng 28.000 NLĐ mắc các bệnh 
nghề nghiệp, trong đó bệnh BPSiNN chiếm tỷ lệ cao nhất (74,4%) (4). Các nghiên cứu đã 
chỉ ra một số yếu tố góp phần làm tăng nguy 
cơ mắc bệnh BPSiNN ở NLĐ như tuổi, giới 
tính, thâm niên, trình độ học vấn, tiền sử mắc 
các bệnh hô hấp khác, tình trạng hút thuốc lá/
thuốc lào, và sử dụng bảo hộ lao động (5-12).
Luyện kim là ngành công nghiệp được hình 
thành sớm ở Việt Nam. Bên cạnh các dây chuyền 
sản xuất hiện đại, vẫn còn những dây chuyền 
công nghệ cũ, phát sinh nhiều bụi silic trong",,,vi,[],[],[],[],,,2026-05-13 16:48:20.796059+00,2026-05-13 16:48:18.386443+00,,,,,,,,
28,40,CVv46V556S12025005,"TẠP CHÍ Y HỌC VIỆT NAM TẬP 556 - THÁNG 11 - SỐ 1 - 2025  
 
5 TÀI LIỆU THAM KHẢO  
1. Bộ môn Ngoại, trường Đại học Y Hà Nội. 
Bệnh học ngoại khoa thần kinh. Vol. 27. Nhà xuất 
bản y học; 2021. 145 p.  
2. Nguyễn Hoàng Giang. Kết quả phẫu thuật  u 
màng não không điển hình tại Bệnh viện Hữu 
nghị Việt Đức. Tạp chí Y học Việt Nam. 2023;  
532:222 –7.  
3. Durand A, Labrousse F, Jouvet A, Bauchet L, 
Kalamaridès M, Menei P, et al.  WHO grade II 
and III meningiomas: a study of prognostic 
factors. J Neuroonc ol. 2009 Dec 1;95(3):367 –75.  
4. Pizem J, Velnar T, Prestor B, Mlakar J, 
Popovic M. Brain invasion assessability in 
meningiomas is related to meningioma size and 
grade, and can be improved by extensive 
sampling of the surgically removed meningioma specimen . Clin Neuropathol. 2014;33(5):354 –63.  
5. Diffuse gliomas to date and beyond 2016 
WHO Classification of Tumours of the 
Central Nervous System | International 
Journal of Clinical Oncology [Internet].  
[cited 2025 Aug 2]. Available from: https://link . 
springer.com/article/10.1007/s10147 -020-01695 -w 
6. Spille DC, Heß K, Sauerland C, Sanai N, 
Stummer W, Paulus W, et al. Brain Invasion in 
Meningiomas: Incidence an",,,vi,[],[],[],[],,,2026-05-13 16:53:19.667932+00,2026-05-13 16:53:18.898471+00,,,,,,,,
29,41,122088_fc9d3b00b5a894e2,"60
Tạp chí Khoa học Nghiên cứu Sức khỏe và Phát triển (Tập 09, Số 03-2025)
Journal of Health and Development Studies (Vol.09, No.03-2025)Nguyễn Vĩnh An Khương và cộng sự
Mã DOI: https://doi.org/10.38148/JHDS.0903SKPT24-114
ĐẶT VẤN ĐỀ
Vảy nến là một bệnh mãn tính thường gặp, ảnh 
hưởng đến mọi lứa tuổi và phổ biến trên toàn 
cầu (1). Theo nghiên cứu của Phạm Bích Ngọc 
và cộng sự (2) được công bố, có đến 85% bệnh 
nhân vảy nến bị ảnh hưởng đến chất lượng 
cuộc sống, trong đó 72% bị ảnh hưởng ở mức 
độ nhiều và rất nhiều. Các triệu chứng như 
ngứa, đau rát và các mảng da bong tróc không 
chỉ gây khó chịu mà còn ảnh hưởng đến hoạt 
động hàng ngày và tâm lý của người bệnh. Bên 
cạnh những tổn thương da, bệnh còn kéo theo 
nhiều hệ lụy sức khỏe quan trọng như trầm 
cảm, viêm khớp vảy nến, và hội chứng chuyển 
hóa tim mạch, điều này tạo ra gánh nặng lớn 
không chỉ cho người bệnh mà còn cho xã hội 
nói chung, do các tác động sâu rộng về thể chất lẫn tâm lý. Tại các quốc gia trên thế giới 
đã thực hiện nhiều phân tích, đánh giá chi phí 
điều trị vảy nến với kết quả đáng lo ngại. Một 
nghiên cứu tổng quan tại khu vực Châu Âu 
chỉ ra rằng chi phí trực tiếp hằng năm cho mỗi 
bệnh nhân vảy nến",,,vi,[],[],[],[],,,2026-05-13 17:10:53.731189+00,2026-05-13 17:10:53.764021+00,,,,,,,,
30,42,113659_b8390e0918882bc1,"140
Tạp chí Khoa học Nghiên cứu Sức khỏe và Phát triển (Tập 09, Số 02-2025)
Journal of Health and Development Studies (Vol.09, No.02-2025)Hồ Đăng Thịnh và cộng sự 
Mã DOI: https://doi.org/10.38148/JHDS.0902SKPT24-112
ĐẶT VẤN ĐỀ
Bệnh thận mãn tính (BTMT) là tình trạng 
giảm kéo dài mức lọc cầu thận ước tính 
(eGFR) và/hoặc có albumin niệu, hay nói 
cách khác là các rối loạn không đồng nhất 
ảnh hưởng đến cấu trúc cũng như chức năng 
thận và không hồi phục (1–3). Theo báo 
cáo của Hiệp hội Thận học Quốc tế (ISN) 
năm 2023, hiện nay ước tính có khoảng 850 
triệu người đang sống chung với BTMT trên 
toàn thế giới, với tỷ lệ tử vong trung bình do 
BTMT là 2,4% (4). Tại Việt Nam, theo báo cáo của PGS.TS Nguyễn Khoa Diệu Vân tại 
tọa đàm Ứng dụng tiến bộ y khoa về quản lý 
bệnh thận mạn (2023) ước tính có khoảng 
10 triệu người mắc BTMT, chiếm 10,1% 
dân số, 800.000 NB cần phải chạy thận nhân 
tạo, 26.000 người bị suy thận mạn giai đoạn 
cuối phải lọc máu chu kỳ, 8000 người được 
chẩn đoán mắc mới mỗi năm, tỷ lệ tử vong 
xếp  thứ 8 trong số 10 nguyên nhân hàng 
đầu gây tử vong tại Việt Nam (5). Tổ chức 
Y tế Thế giới (WHO) định nghĩa Chất lượng 
cuộc sống (CLCS) là nhận thức của một cá 
n",,,vi,[],[],[],[],,,2026-05-13 17:26:42.958435+00,2026-05-13 17:26:41.42357+00,,,,,,,,
31,43,123962_e378b4fae68c23d9,"25
Tạp chí Khoa học Nghiên cứu Sức khỏe và Phát triển (Tập 09, Số 05-2025)
Journal of Health and Development Studies (Vol.09, No.05-2025)Đào Đức Hạnh và cộng sự
Mã DOI: https://doi.org/10.38148/JHDS.0905SKPT25-112
ĐẶT VẤN ĐỀ
Giáo dục sức khỏe (GDSK) là một trong 
những chức năng nền tảng và thiết yếu của điều dưỡng trong chăm sóc toàn diện người bệnh. GDSK giúp người bệnh và người nhà nâng cao nhận thức, điều chỉnh hành vi sức khỏe, tăng khả năng tự chăm sóc và phối hợp tốt trong cả phòng bệnh, điều trị và phục hồi sức khỏe. Tổ chức Y tế Thế giới xác định GDSK là một trong những nội dung cốt lõi của chăm sóc sức khỏe ban đầu, có ảnh hưởng lớn đến kết quả điều trị và chất lượng cuộc 
sống của người bệnh (1). 
Tuy nhiên, năng lực GDSK của điều dưỡng 
hiện nay còn nhiều hạn chế. Nghiên cứu trong và ngoài nước cho thấy điều dưỡng còn thiếu kiến thức chuyên sâu, kỹ năng tư vấn chưa phù hợp và ít được đào tạo bài bản về phương pháp GDSK hiệu quả (2, 3). Trước thực trạng hạn chế năng lực GDSK của điều dưỡng nói chung và tại Bệnh viện Trung ương Quân đội 108 (TWQĐ108) nói riêng, nghiên cứu can thiệp cải thiện năng lực GDSK của điều dưỡng đã TÓM TẮT 
Mục tiêu: Đánh giá kết quả can thiệp cải",,,vi,[],[],[],[],,,2026-05-13 17:41:08.927682+00,2026-05-13 17:41:07.125744+00,,,,,,,,
32,44,CVv46V556S12025253,"TẠP CHÍ Y HỌC VIỆT NAM TẬP 556 - THÁNG 11 - SỐ 1 - 2025  
 
253 HCDBTT càng t ăng. Kết quả này cũng tương ứng 
với phần lớn các nghiên cứu trên thế giới [12]. 
Chúng tôi không tìm thấy mối liên quan giữa 
giới, số năm mắc bệnh suy tim với HCDBTT.  
Đáng chú ý, đa số người bệnh (97%) sống 
cùng gia đình – điều này phản ánh đặc trưng 
văn hó a Việt Nam, khác với các quốc gia phương 
Tây. Tuy nhiên, tỷ lệ này không đồng nghĩa với 
việc họ nhận được chăm sóc đầy đủ, bởi theo 
kết quả, vẫn có tỷ lệ đáng kể người bệnh cần hỗ 
trợ trong sinh hoạt và có biểu hiện của suy giảm 
nhận thức, vận động. Do đó,  việc sàng lọc 
HCDBTT không chỉ nhằm phát hiện mà còn giúp 
hoạch định các biện pháp chăm sóc tổng thể và 
hỗ trợ xã hội phù hợp hơn.   
V. KẾT LUẬN  
Tỷ lệ mắc HCDBTT ở người cao tuổi mắc suy 
tim mạn tính tương đối cao (46,4% theo thang 
REFS) và có mối liên qua n với tuổi cao. Cần sàng 
lọc sớm HCDBTT để có thể có các biện pháp dự 
phòng để giảm nguy cơ xuất hiện các biến cố 
bất lợi ở người cao tuổi có suy tim mạn tính.   
TÀI LIỆU THAM KHẢO  
1. Fried LP, Tangen CM, Walston J, et al. Frailty 
in older adults: evidence for  a phenotype. J 
Gerontol A Biol Sci Med Sci. 2001;56(3):M146 ",,,vi,[],[],[],[],,,2026-05-13 17:51:11.502393+00,2026-05-13 17:51:10.379042+00,,,,,,,,
33,45,CVv46V556S12025156,"vietnam medical journal n01 - November - 2025  
 
156 ĐÁNH GIÁ TÍNH AN TOÀN VÀ KHẢ THI CỦA TUẦN HOÀN  
NGOÀI CƠ T HỂ QUA DA TRONG PHẪU THUẬT TIM ÍT XÂM LẤN   
Nguyễn Hoàng Định1,2, Trần Quốc Hận2, Phan Quang Thuận1 
 
TÓM TẮT 39 
Mục tiêu:  Đánh giá tính an toàn và khả thi của 
thiết lập tuần hoàn ngoài cơ thể (THNCT) qua da tại vị 
trí động – tĩnh mạch đùi trong phẫu thuật ti m ít xâm 
lấn. Đối tượng - phương pháp: Nghiên cứu hồi cứu 
40 ca phẫu thuật tim ít xâm lấn có THNCT qua da tại 
Bệnh viện ĐHYD TP.HCM (4/2024 –6/2025). Kết quả:  
Đường kính động mạch đùi chung trước mổ 7,8 ± 1,1 
mm; 5% xơ vữa nhẹ (theo thang điểm vôi hóa 
Okuno ).  Đa số bệnh nhân được sửa/thay van hai lá 
(62,5%). Thời gian từ chích kim đến chạy máy 36,2 ± 
10,0 phút; THNCT 139,7 ± 36,4 phút; kẹp động mạch 
chủ 93,9 ± 33,6 phút. Biến chứng: 1 ca chuyển mổ 
mở bẹn, 1 ca tắc động mạch đùi, không ghi nhận tụ 
dịch vết m ổ, triệu chứng thiếu máu chi, chèn ép 
khoang, nhiễm trùng. Trước xuất viện, 100% bệnh 
nhân có phổ ĐM đùi chung 3 pha, không thay đổi so 
với trước mổ. Kết luận:  THNCT qua da trong phẫu 
thuật tim ít xâm lấn khả thi, an toàn, hiệu quả.  Từ 
khóa:  tuần hoàn ngoà i cơ thể qua da, cannula độn",,,vi,[],[],[],[],,,2026-05-13 18:03:34.825671+00,2026-05-13 18:03:34.689128+00,,,,,,,,
34,46,CVv46V556S12025305,"TẠP CHÍ Y HỌC VIỆT NAM TẬP 556 - THÁNG 11 - SỐ 1 - 2025  
 
305 Suez Canal Univ Med J. 2018;21(2):107 -112. doi: 
10.21608/scumj.20 18.43543.  
7. Theˊvenot T, Borot S, Di Martino V, 
Masmoudi R, Moureau S, Monnet E, et al. 
Adrenal function in cirrhotic patients with spontaneous bacterial peritonitis: relationship with 
shortterm outcome. Aliment Pharmacol Ther. 
2010 Dec;32(11 -12):1332 -9. doi: 10.1111/j.1365 -
2036.2010.04473.x.  
 
 
ĐÁNH GIÁ HIỆU QUẢ VÀ ĐỘ AN TOÀN CỦA PHƯƠNG PHÁP  
HÚT HUYẾT KHỐI TRỰC TIẾP BẰNG ỐNG THÔNG  TRONG ĐIỀU TRỊ 
ĐỘT QUỴ CẤP TẮC ĐỘNG MẠCH NÃO GIỮA ĐOẠN M1   
Nguy ễn Hu ỳnh Nh ật Tuấn1, Lê Văn Phư ớc2, Nguy ễn Thanh Th ảo1 
 
TÓM T ẮT 75 
Đặt vấn đề: Tắc động mạch não giữa (ĐMNG) 
đoạn M1 là nguyên nhân thường gặp của đột quỵ do 
tắc mạch lớn, gây tàn phế và tử vong cao, bằng 
chứng thực hành thường quy cho chiến lược hút trực 
tiếp (ADAPT -A Direct Aspiration First Pass Technique) 
còn hạn ch ế. Nghiên cứu đánh giá hiệu quả và độ an 
toàn của phương pháp hút huyết khối do tắc đoạn M1.  
Đối tượng và phương pháp nghiên c ứu: Tiến cứu 
tại Bệnh viện Chợ Rẫy 01/2023 - 06/2025 các bệnh 
nhân đột quỵ tắc ĐMNG đoạn M1 được can thiệp lấy 
huyết khối. Các biế",,,vi,[],[],[],[],,,2026-05-13 18:13:17.893754+00,2026-05-13 18:13:17.203638+00,,,,,,,,
35,47,CVv46V556S22025150,"vietnam medical journal n02 - November - 2025  
 
150 mạn tính (7). 
Dựa vào dữ kiện này, nếu không có dấu hiệu 
suy thận nặng, có thể  eGFR -cre (91.82 ml/phút/  
1.73m²) gần đúng hơn so với eGFR -cys. Vì vậy, 
hiện tại không đủ bằng chứng để kết luận bệnh 
nhân bị suy thận mạn tiến triển. Tuy nhiên, nếu 
bệnh nhân có dấu hiệu lâm sàng của suy thận, 
cần xem xét khả năng eGFR -cys đang phản ánh 
suy giảm thực sự.   
IV. KẾT LU ẬN 
Cystatin C tăng trong viêm gan cấp có thể 
không phản ánh đúng suy giảm chức năng thận 
mà là hậu quả của viêm hệ thống còn tàn dư dai 
dẳng sau nhiễm Leptospira. Điều này nhấn mạnh 
rằng, khi viêm gan nặng, cần thận trọng khi sử  
dụng cystatin C để ước tính GFR, eGFR theo 
creatinine đáng tin cậy hơn trong bối cảnh này. 
Cùng với đó, Creatinine không tăng trong viêm 
gan cấp có thể do suy gan làm giảm sản xuất 
hơn là thận bình thường nên khi đánh giá chức 
năng thận ở bệnh nhân suy ga n cấp do 
Leptospira, cả creatinine và cystatin C cần được 
xem xét đồng thời để tránh đánh giá sai mức lọc 
cầu thận.  
Khi gặp các trường hợp viêm gan cấp, nhất 
là do Leptospira, bác sĩ cần thận trọng khi chỉ 
dựa vào eGFR -cys để kết luận suy thận. Việc 
phối h ợp nh",,,vi,[],[],[],[],,,2026-05-13 18:28:58.541259+00,2026-05-13 18:28:57.097207+00,,,,,,,,
36,48,CVv464V59S012025018,"",,,vi,[],[],[],[],,,2026-05-13 18:30:16.770997+00,2026-05-13 18:30:14.682137+00,,,,,,,,
37,49,CVv8V67S112025065,"Khoa học Y - Dược  /Dược học; Các lĩnh vực khác của khoa học y - dược65
67(11) 11.2025Tổng quan dược lý mạng trong nghiên cứu thuốc y học cổ truyền
Châu Văn Hảo1, Sanghun Lee2, 3, Trần Nhật Minh1, 2*
1Khoa Y học Cổ truyền, Trường Đại học Y - Dược, Đại học Huế, 6 Ngô Quyền, phường Thuận Hóa, TP Huế, Việt Nam
2Phòng Dữ liệu Y học cổ truyền Hàn Quốc, Viện Y học Phương Đông Hàn Quốc, 1672 Yuseong-daero, thị trấn Yusong-ro, TP Daejeon, Hàn Quốc
3Khoa học Y học hội tụ cổ truyền Hàn Quốc, Đại học Khoa học và Công nghệ (UST), 217 Gajeong-r o, thị trấn Yuseong-gu, TP Daejeon, Hàn Quốc
Ngày nhận bài 1/4/2024; ngày gửi phản biện 3/4/2024; ngày nhận phản biện 6/5/2024; ngày chấp nhận đăng 10/5/2024
Tóm tắt:
Thuốc y học cổ truyền (YHCT) có vai trò quan trọng trong điều trị bệnh, tuy nhiên, việc hiểu được cơ chế của thuốc 
YHCT một cách toàn diện vẫn luôn là thách thức bởi tính chất đa hợp chất, đa tác động của nó. Dược lý mạng là 
một môn khoa học dựa trên công nghệ tin sinh học và dược lý học hiện đại, giúp chuyển đổi mô hình “một thuốc - 
một mục tiêu” sang “đa thuốc - đa mục tiêu”, cung cấp giải pháp để giải thích cơ chế đa tác động của thuốc YHCT. 
Bài tổng quan giới thiệu các khái niệm, ph",,,vi,[],[],[],[],,,2026-05-13 18:31:43.340948+00,2026-05-13 18:31:43.650999+00,,,,,,,,
38,50,122083_86c782bde37e58b9,"18
Tạp chí Khoa học Nghiên cứu Sức khỏe và Phát triển (Tập 09, Số 03-2025)
Journal of Health and Development Studies (Vol.09, No.03-2025)ĐẶT VẤN ĐỀ
Tiêm là một trong những biện pháp đưa thuốc, 
chất dinh dưỡng vào cơ thể nhằm phục vụ cho 
việc chẩn đoán, điều trị cũng nhưphòng bệnh. 
Tiêm an toàn (TAT) theo Tổ chức Y tế thế giới 
(World Health Organisation, WHO) là một 
quy trình tiêm không gây nguy hại cho người 
nhận mũi tiêm, người thực hiện mũi tiêm, và 
không tạo chất thải nguy hại cho người khác 
và cộng đồng (1). 
Năm 2011 theo ước tính của WHO, có tới 50% 
các mũi tiêm ở các nước đang phát triển không an toàn, trong đó mũi tiêm không an toàn gây 
ra 32% số ca nhiễm mới virus Hepatitis B, 
40% số ca nhiễm mới virus Hepatitis C, 5% 
số ca nhiễm mới HIV và 0.9% số ca tử vong 
trên toàn cầu (2). Theo Pankaj Bahuguna và 
cộng sự (2020), tại Ấn Độ có hơn 63% mũi 
tiêm được báo cáo là tiêm không an toàn hoặc 
không cần thiết (3). Việc tiêm không an toàn 
có khả năng làm lây nhiễm các tác nhân gây 
bệnh ảnh hưởng đến cuộc sống và đe dọa tính 
mạng con người (1). 
Tại Việt Nam, tỷ lệ thực hành tiêm an toàn đạt 
tại các bệnh viện dao động khoảng từ 20.1% TÓM TẮT 
Mục tiêu: Mô tả kiến",,,vi,[],[],[],[],,,2026-05-13 18:38:48.179898+00,2026-05-13 18:38:44.366328+00,,,,,,,,
39,51,122097_473956facd849564,"137
Tạp chí Khoa học Nghiên cứu Sức khỏe và Phát triển (Tập 09, Số 03-2025)
Journal of Health and Development Studies (Vol.09, No.03-2025)Võ Thanh Vân và cộng sự 
Mã DOI: https://doi.org/10.38148/JHDS.0903SKPT24-126
ĐẶT VẤN ĐỀ
Nhiễm khuẩn bệnh viện liên quan đến tiêm, 
truyền tĩnh mạch là nguyên nhân quan trọng 
gây tình trạng bệnh nặng thêm và tăng chi 
phí y tế quá mức, đứng hàng thứ 3 trong các 
nhiễm khuẩn bệnh viện thường gặp trong các 
cơ sở khám bệnh, chữa bệnh (1), (2). Theo Tổ 
chức Y tế thế giới, ở các nước đang phát triển 
có tới 50,0% các mũi tiêm là không an toàn 
có nguy cơ gây nhiễm khuẩn chéo từ người 
bệnh sang nhân viên y tế khác và người bệnh 
có thể bị nhiễm khuẩn từ tay của nhân viên y 
tế, thuốc, thiết bị và dụng cụ y tế hoặc bề mặt 
môi trường (1).Tại Việt Nam, theo kết quả khảo sát về thực 
trạng tiêm an toàn của nhân viên y tế trên toàn 
quốc cho thấy có đến 55,0% còn chưa cập nhật 
thông tin về tiêm an toàn và phần lớn nhân viên 
y tế chưa tuân thủ quy trình kỹ thuật và các thao 
tác trong thực hành tiêm (2, 3). Do vậy, trong 
năm 2012, Bộ Y tế đã ban hành hướng dẫn về 
thực hành Tiêm an toàn và hướng dẫn Phòng 
ngừa nhiễm khuẩn huyết trên người bệnh đặt 
",,,vi,[],[],[],[],,,2026-05-13 18:40:10.904188+00,2026-05-13 18:40:08.972079+00,,,,,,,,
41,53,122087_3f2a8b80a0d1cc3a,"51
Tạp chí Khoa học Nghiên cứu Sức khỏe và Phát triển (Tập 09, Số 03-2025)
Journal of Health and Development Studies (Vol.09, No.03-2025)Trần Thị Thu Thủy và cộng sự
Mã DOI: https://doi.org/10.38148/JHDS.0903SKPT25-015
ĐẶT VẤN ĐỀ
Hiện nay, người lao động (NLĐ) trên toàn thế 
giới, đặc biệt là ở các nước đang phát triển, 
đang phải đối mặt với nguy cơ gia tăng các 
bệnh đường hô hấp cấp tính và mạn tính do 
hít phải khói, bụi và các hơi khí độc phát sinh 
trong quá trình lao động ở các ngành công 
nghiệp khác nhau (1). Tại Việt Nam, theo 
thống kê của Bộ Y tế trên danh mục 34 bệnh 
nghề nghiệp được hưởng bảo hiểm xã hội, 
tính đến cuối năm 2018 có khoảng 28.000 
NLĐ mắc các bệnh nghề nghiệp và bệnh  bụi phổi silic nghề nghiệp (BPSiNN) là bệnh có 
tỷ lệ mắc cao nhất, chiếm 74,4% (2). Bệnh 
BPSiNN là tình trạng bệnh lý của phổi do hít 
phải bụi có chứa silic tự do trong môi trường 
lao động. Đặc biệt, bụi silic tự do gây xơ hóa 
phổi lan tỏa, tiến triển bệnh không hồi phục 
và tăng nguy cơ nhiễm khuẩn đường hô hấp 
như bệnh lao và viêm phổi cấp tính (3). 
Luyện kim là một ngành công nghiệp lâu đời 
và đặc thù ở Thái Nguyên. Nhà máy Luyện 
thép Lưu Xá đã hoạt động hơn 50 năm nhưng 
việ",,,vi,[],[],[],[],,,2026-05-13 19:00:26.251334+00,2026-05-13 19:00:25.949802+00,,,,,,,,
42,54,123963_8b28ddcaf6396a58,"34
Tạp chí Khoa học Nghiên cứu Sức khỏe và Phát triển (Tập 09, Số 05-2025)
Journal of Health and Development Studies (Vol.09, No.05-2025)ĐẶT VẤN ĐỀ
Sơ cấp cứu là hỗ trợ tức thời cho nạn nhân 
tại hiện trường nhằm bảo vệ tính mạng, giảm thiểu các biến chứng trong khi đợi các điều trị chuyên sâu (1). Theo WHO, mỗi năm có hơn 900.000 trẻ em và vị thành niên dưới 18 tuổi tử vong do thương tích, chủ yếu tại các quốc gia thu nhập thấp và trung bình (2). Tại Việt Nam, mỗi năm trung bình có hơn 370.000 trẻ bị tai nạn thương tích trong đó nhóm 15 – 19 tuổi chiếm 43% (3). Đặc biệt tại TP.HCM tình trạng chấn thương ở học sinh THPT vẫn ở mức đáng báo động. Tác giả Mai Thị Huệ và cộng sự đã khảo sát trên 413 nạn nhân tại Thái Bình và cho thấy chưa đến 50% nạn nhân tai nạn giao thông được sơ cứu (4). Theo nghiên cứu của tác giả Marcus và cộng sự trên 150 học sinh trung học cơ sở tại Việt Nam cho thấy có 93,2% học sinh có nhu cầu tham gia các khoá học đào tạo hồi sức tim phổi (2). Có thể thấy học sinh THPT với độ tuổi phát triển và khả năng tiếp thu tốt, là nhóm đối tượng lý tưởng để triển khai các chương trình đào tạo này. Tuy nhiên hiện nay, việc đào tạo sơ cấp cứu cho học sinh THPT chưa được t",,,vi,[],[],[],[],,,2026-05-13 19:01:52.515355+00,2026-05-13 19:01:50.61812+00,,,,,,,,
43,55,CVv46V556S12025049,"TẠP CHÍ Y HỌC VIỆT NAM TẬP 556 - THÁNG 11 - SỐ 1 - 2025  
 
49 nghiên cứu trước, đồng thời phản ánh những 
đặc thù về mô hình bệnh tật và hệ thống chăm 
sóc tại Việt Nam. Việc so sánh với các ngh iên 
cứu trong và ngoài nước góp phần khẳng định 
giá trị thực tiễn của nghiên cứu, từ đó làm rõ 
hơn vai trò của điều dưỡng trong kiểm soát triệu 
chứng và nâng cao chất lượng sống người bệnh. 
Những phân tích này cũng đặt ra yêu cầu cần 
tiếp tục cải tiến mô h ình chăm sóc đa chuyên 
khoa và củng cố hệ thống theo dõi sau ra viện – 
những yếu tố quan trọng để tối ưu hóa hiệu quả 
điều trị trong ung thư giai đoạn muộn.   
V. KẾT LUẬN  
Vàng da là triệu chứng phổ biến nhất và 
xuất hiện ở hầu hết các trường hợp tắc mật.   
TÀI LIỆU THAM KHẢO  
1. Nguyễn Thị Kim Ngân. Đặc điểm lâm sàng và 
biến chứng nhiễm trùng ở người bệnh tắc mật tại 
Bệnh viện Đại học Y Dược TP.HCM. Tạp chí Y học 
TP Hồ Chí Minh.  2020;24(3):45 –51. 
2. Trần Thị Thu Hà. Đánh giá thực trạng và hiệu 
quả can thiệp chăm sóc dinh dưỡng ở bệnh nhân 
ung thư gan tại Bệnh viện K  [Luận văn thạc sĩ]. 
Hà Nội: Trường Đại học Y tế công cộng; 2021.  3. Phạm Duy Hưng. Nghiên cứu đặc điểm lâm 
sàng và điều trị tắc mật do u đường mậ",,,vi,[],[],[],[],,,2026-05-13 19:03:29.223024+00,2026-05-13 19:03:28.465978+00,,,,,,,,
71,87,126408_22bff56b35703513,"CÔNG NGH
Ệ
 
                                                                         
h
ttp
s
://
jst
-
haui.
vn
 
   
T
ạp chí
 
Khoa h
ọc v
à Công ngh
ệ
 
Trư
ờng Đại học Công nghiệp H
à N
ội
 
                                                
  
T
ập 6
1
 
-
 
S
ố 
5
B
 
(
5
/202
5
)
 
478
KHOA H
ỌC
 
 
P
-
ISSN 1859
-
3585
     
E
-
ISSN 2615
-
961
9
 
 
 
KH
Ả
O SÁT HÀM LƯ
Ợ
NG CÁC HYDROCACBON THƠM ĐA V
ÒNG
 
(PAHs) TRONG M
Ộ
T S
Ố
 
LO
Ạ
I TH
Ự
C PH
Ẩ
M XÔNG KHÓI
 
TRÊN TH
Ị
 
TRƯ
Ờ
NG VÀ ĐÁNH GIÁ R
Ủ
I RO
 
Đ
Ố
I V
Ớ
I S
Ứ
C KH
Ỏ
E CON NGƯ
Ờ
I
 
PRELIMINARY INVESTIGATION OF POLYCYCLIC AROMATIC HYDROCARBON (PAHs)
 
IN SMOKED FOOD ON THE MARKET AND HUMAN HEALTH RISK ASSESSMENT
 
 
 
Nguy
ễ
n Th
ị
 
Thùy Linh
1
, Nguy
ễ
n Th
ị
 
Thanh Huy
ề
n
1
,
 
Nguy
ễ
n Thúy Ng
ọ
c
2
,
 
Dương H
ồ
ng Anh
2
,
 
Ph
ạ
m Hùng Vi
ệ
t
3
, Nguy
ễ
n Xuân Huân
1
, Phùng Th
ị
 
V
ĩ
1,3*
 
DOI: http://doi.org/10.57001/huih5804.2025.20
8
 
TÓM T
Ắ
T 
 
Hydrocacbon thơm đa v
òng (PAHs) là nhóm các h
ợ
p ch
ấ
t h
ữ
u cơ đư
ợ
c hình thành do quá trình 
đ
ố
t cháy không hoàn toàn, đ
ặ
c bi
ệ
t có kh
ả
 
năng gây ung thư 
và tác đ
ộ
ng tiêu c
ự
c đ
ế
n s
ứ
c kh
ỏ
e con ngư
ờ
i. Các th
ự
c ph
ẩ
m xông khói n",,,vi,[],[],[],[],"",,2026-05-14 17:27:56.611239+00,2026-05-14 17:27:55.095761+00,,,,,,,,
44,56,122092_30328b4436951740,"95
Tạp chí Khoa học Nghiên cứu Sức khỏe và Phát triển (Tập 09, Số 03-2025)
Journal of Health and Development Studies (Vol.09, No.03-2025)Phạm Thị Huyền Chang và cộng sự 
Mã DOI: https://doi.org/10.38148/JHDS.0903SKPT25-071
ĐẶT VẤN ĐỀ
Sử dụng thuốc an toàn hợp lý là nhiệm vụ hàng 
đầu trong quản lý chất lượng bệnh viện, trong 
đó việc kê đơn là vô cùng quan trọng trong quá 
trình đảm bảo sử dụng thuốc hợp lý an toàn. 
Hiện nay, tại Việt Nam cũng như trên thế giới, 
vấn đề kê đơn và sử dụng thuốc vẫn tồn tại 
nhiều vấn đề bất cập như đơn thuốc còn thiếu 
thông tin hành chính (như không ghi tuổi, giới 
tính, không có tên bác sĩ,...), không ghi thời 
điểm dùng thuốc, kê nhiều loại thuốc trong 
một đơn thuốc, kê nhiều kháng sinh, vitamin, 
khoáng chất,…(1),(2). Những bất cập này đã 
và đang tồn tại đòi hỏi người quản lý Bệnh viện cần có các biện pháp khắc phục kiểm soát 
tốt quy trình kê đơn (3). Để thực hiện tốt công 
tác kê đơn hướng tới sử dụng thuốc an toàn, 
hợp lý và kinh tế, Bộ Y tế đã ban hành nhiều 
văn bản pháp quy quy định như: Thông tư số 
05/2016/TT-BYT; Thông tư số 52/2017/TT-
BYT và Thông tư số 18/2018/TT-BYT (4-7).
Tại Trung tâm y tế (TTYT) huyện Cái Bè, 
Khoa khám bệnh ",,,vi,[],[],[],[],,,2026-05-13 19:05:48.820473+00,2026-05-13 19:05:48.580647+00,,,,,,,,
45,57,122098_30f9508311b9e27b,"146
Tạp chí Khoa học Nghiên cứu Sức khỏe và Phát triển (Tập 09, Số 03-2025)
Journal of Health and Development Studies (Vol.09, No.03-2025)Lê Bảo Châu và cộng sự 
Mã DOI: https://doi.org/10.38148/JHDS.0903SKPT25-051
ĐẶT VẤN ĐỀ
Nhóm nam quan hệ tình dục đồng giới (MSM) 
đang dần trở thành nhóm nguy cơ chính trong 
lây nhiễm vi rút gây ra hội chứng suy giảm miễn 
dịch mắc phải ở người (HIV/AIDS) tại Việt Nam 
trong những năm gần đây. Theo Bộ Y tế, trong 
năm 2024, cả nước ghi nhận 13.351 trường hợp 
phát hiện mới HIV dương tính, trong đó đối 
tượng chiếm tỉ lệ cao nhất là MSM (chiếm gần 
40%). Vì vậy các can thiệp nhằm dự phòng lây 
nhiễm HIV là điều cấp thiết (1).
Pre-Exposure Prophylaxis (PrEP) là một biện 
pháp sử dụng thuốc kháng vi rút  để dự phòng 
trước phơi nhiễm HIV cho người có hành vi nguy cơ cao chưa nhiễm HIV . Nếu tuân thủ điều 
trị PrEP tốt, việc giảm nguy cơ lây nhiễm HIV 
qua đường tình dục lên tới 97% và qua đường 
tiêm chích lên đến 74% (2). Năm 2015, Tổ chức 
y tế thế giới đã khuyến cáo các quốc gia cần triển 
khai cung cấp dịch vụ điều trị PrEP cho nhóm 
quần thể nguy cơ cao nhiễm HIV như nhóm 
MSM (3). Kể từ khi thí điểm triển khai năm 
2017, đến cuối năm 2024, V",,,vi,[],[],[],[],,,2026-05-13 19:15:04.029203+00,2026-05-13 19:15:02.139393+00,,,,,,,,
46,58,122090_7a98a2866b77d883,"77
Tạp chí Khoa học Nghiên cứu Sức khỏe và Phát triển (Tập 09, Số 03-2025)
Journal of Health and Development Studies (Vol.09, No.03-2025)Bùi Thị Tú Quyên và cộng sự 
Mã DOI: https://doi.org/10.38148/JHDS.0903SKPT25-072
ĐẶT VẤN ĐỀ
Bệnh lao là bệnh truyền nhiễm và là một vấn đề 
sức khỏe cộng đồng trên toàn thế giới (1). Đây 
là một trong mười nguyên nhân gây tử vong 
hàng đầu và tạo ra gánh nặng tài chính lớn do 
chi phí điều trị và mất thu nhập (1). Việt Nam 
nằm trong nhóm 30 quốc gia có gánh nặng lao 
cao nhất, đứng thứ 16 về số người mắc và thứ 
15 gánh nặng lao kháng thuốc. Mặc dù lao có 
thể điều trị khỏi hoàn toàn, nhưng thời gian 
điều trị kéo dài với phác đồ phức tạp khiến 
việc tuân thủ điều trị (TTĐT) trở nên khó khăn. Nếu người bệnh TTĐT và được nhân viên y 
tế (NVYT) hỗ trợ tốt, khả năng điều trị thành 
công sẽ cao (2–4). Ngược lại, bỏ trị hoặc dùng 
thuốc không đúng có thể làm tăng tình trạng 
kháng thuốc gây khó khăn trong điều trị (2–4). 
TTĐT bao gồm việc dùng thuốc đúng liều, đều 
đặn, đúng cách, đủ thời gian, tái khám đúng 
hẹn và xét nghiệm định kỳ (2,3,5). Tuy nhiên, 
nhiều NC trước đây cho thấy tỷ lệ TTĐT còn 
thấp, tỷ lệ chung chỉ từ 52% đến 85% (6–10) 
do cả ",,,vi,[],[],[],[],,,2026-05-13 19:19:16.848956+00,2026-05-13 19:19:17.380343+00,,,,,,,,
47,60,122083_86c782bde37e58b9,"18
Tạp chí Khoa học Nghiên cứu Sức khỏe và Phát triển (Tập 09, Số 03-2025)
Journal of Health and Development Studies (Vol.09, No.03-2025)ĐẶT VẤN ĐỀ
Tiêm là một trong những biện pháp đưa thuốc, 
chất dinh dưỡng vào cơ thể nhằm phục vụ cho 
việc chẩn đoán, điều trị cũng nhưphòng bệnh. 
Tiêm an toàn (TAT) theo Tổ chức Y tế thế giới 
(World Health Organisation, WHO) là một 
quy trình tiêm không gây nguy hại cho người 
nhận mũi tiêm, người thực hiện mũi tiêm, và 
không tạo chất thải nguy hại cho người khác 
và cộng đồng (1). 
Năm 2011 theo ước tính của WHO, có tới 50% 
các mũi tiêm ở các nước đang phát triển không an toàn, trong đó mũi tiêm không an toàn gây 
ra 32% số ca nhiễm mới virus Hepatitis B, 
40% số ca nhiễm mới virus Hepatitis C, 5% 
số ca nhiễm mới HIV và 0.9% số ca tử vong 
trên toàn cầu (2). Theo Pankaj Bahuguna và 
cộng sự (2020), tại Ấn Độ có hơn 63% mũi 
tiêm được báo cáo là tiêm không an toàn hoặc 
không cần thiết (3). Việc tiêm không an toàn 
có khả năng làm lây nhiễm các tác nhân gây 
bệnh ảnh hưởng đến cuộc sống và đe dọa tính 
mạng con người (1). 
Tại Việt Nam, tỷ lệ thực hành tiêm an toàn đạt 
tại các bệnh viện dao động khoảng từ 20.1% TÓM TẮT 
Mục tiêu: Mô tả kiến",,,vi,[],[],[],[],"",,2026-05-13 19:29:35.99099+00,2026-05-13 19:29:33.968285+00,,,,,,,,
48,61,122101_f3da4ef08c50540b,"170
Tạp chí Khoa học Nghiên cứu Sức khỏe và Phát triển (Tập 09, Số 03-2025)
Journal of Health and Development Studies (Vol.09, No.03-2025)Trịnh Khánh Linh và cộng sự 
Mã DOI: https://doi.org/10.38148/JHDS.0903SKPT24-077
ĐẶT VẤN ĐỀ
SARS-CoV-2 là vi rút gây hội chứng suy hô 
hấp cấp ở người được phát hiện lần đầu tiên  
vào cuối năm 2019 ở Vũ Hán, Trung Quốc. 
Vi rút này đã nhanh chóng lây lan ra nhiều 
quốc gia và được Tổ chức Y tế thế giới công 
bố là đại dịch toàn cầu vào tháng 3 năm 2020 
với tên chính thức là bệnh COVID-19 (1). 
Tính đến hết năm 2024, với gần 800 triệu ca 
nhiễm và hơn 7 triệu trường hợp tử vong trên 
toàn thế giới, COVID-19 đã gây ra nỗi ám 
ảnh với hệ thống y tế toàn cầu (2). 
Đại dịch COVID-19 diễn biến ngày càng 
phức tạp và nghiêm trọng do các biến thể đột 
biến, làm mức độ nặng và nguy cơ tử vong ở những người bệnh có bệnh lý nền (3, 4). 
Nghiên cứu của tác giả Jin-jin Zhang cho thấy 
tuổi, giới tính, các chỉ số cận lâm sàng là các 
yếu tố có liên quan đến nguy cơ tử vong của 
người bệnh (5). Với tình hình trên, các nhà 
khoa học đã nghiên cứu và chứng minh được 
vắc xin là yếu tố bảo vệ người bệnh trước đại 
dịch COVID-19 (6). Những ghi nhận về tỷ 
lệ tử ",,,vi,[],[],[],[],"",,2026-05-13 19:40:42.604224+00,2026-05-13 19:40:40.904276+00,,,,,,,,
49,62,122084_8618ff206e4ea3d8,"25
Tạp chí Khoa học Nghiên cứu Sức khỏe và Phát triển (Tập 09, Số 03-2025)
Journal of Health and Development Studies (Vol.09, No.03-2025)Bùi Thị Thủy và cộng sự
Mã DOI: https://doi.org/10.38148/JHDS.0903SKPT25-054
ĐẶT VẤN ĐỀ
Điều dưỡng nhi khoa là một thành phần thiết 
yếu trong việc cung cấp dịch vụ chăm sóc sức 
khỏe cho trẻ em tại bệnh viện (1). Điều dưỡng 
trưởng khoa nhi đóng vai trò quan trọng trong 
việc quản lý và điều phối hoạt động chăm sóc 
sức khỏe có chất lượng cho trẻ em tại các cơ 
sở y tế (1). Ngoài ra, điều dưỡng trưởng khoa 
nhi còn tham mưu cho lãnh đạo về công tác 
chăm sóc người bệnh, quản lý các hoạt động 
của điều dưỡng, kỹ thuật viên và hệ thống điều dưỡng trưởng các khoa, góp phần nâng 
cao hiệu quả hoạt động của bệnh viện. 
Hiện nay, có sự thiếu hụt về số lượng điều 
dưỡng trưởng khoa có đủ trình độ và năng 
lực đảm nhiệm vai trò lãnh đạo, quản lý điều 
dưỡng trong các cơ sở y tế (1-2). Hơn nữa, sự 
thiếu hụt của các chương trình đào tạo chuyên 
sâu về kỹ năng quản lý và lãnh đạo khiến cho 
điều dưỡng trưởng nhi khoa gặp nhiều thách 
thức trong việc điều hành nhóm và đảm bảo 
chất lượng chăm sóc trẻ em (2). Để giải quyết 
tình trạng này, cần t",,,vi,[],[],[],[],"",,2026-05-13 19:52:23.271443+00,2026-05-13 19:52:22.124877+00,,,,,,,,
50,63,122101_f3da4ef08c50540b,"170
Tạp chí Khoa học Nghiên cứu Sức khỏe và Phát triển (Tập 09, Số 03-2025)
Journal of Health and Development Studies (Vol.09, No.03-2025)Trịnh Khánh Linh và cộng sự 
Mã DOI: https://doi.org/10.38148/JHDS.0903SKPT24-077
ĐẶT VẤN ĐỀ
SARS-CoV-2 là vi rút gây hội chứng suy hô 
hấp cấp ở người được phát hiện lần đầu tiên  
vào cuối năm 2019 ở Vũ Hán, Trung Quốc. 
Vi rút này đã nhanh chóng lây lan ra nhiều 
quốc gia và được Tổ chức Y tế thế giới công 
bố là đại dịch toàn cầu vào tháng 3 năm 2020 
với tên chính thức là bệnh COVID-19 (1). 
Tính đến hết năm 2024, với gần 800 triệu ca 
nhiễm và hơn 7 triệu trường hợp tử vong trên 
toàn thế giới, COVID-19 đã gây ra nỗi ám 
ảnh với hệ thống y tế toàn cầu (2). 
Đại dịch COVID-19 diễn biến ngày càng 
phức tạp và nghiêm trọng do các biến thể đột 
biến, làm mức độ nặng và nguy cơ tử vong ở những người bệnh có bệnh lý nền (3, 4). 
Nghiên cứu của tác giả Jin-jin Zhang cho thấy 
tuổi, giới tính, các chỉ số cận lâm sàng là các 
yếu tố có liên quan đến nguy cơ tử vong của 
người bệnh (5). Với tình hình trên, các nhà 
khoa học đã nghiên cứu và chứng minh được 
vắc xin là yếu tố bảo vệ người bệnh trước đại 
dịch COVID-19 (6). Những ghi nhận về tỷ 
lệ tử ",,,vi,[],[],[],[],"",,2026-05-13 20:03:56.304812+00,2026-05-13 20:03:53.319852+00,,,,,,,,
51,67,122100_9469daf06752a09e,"163
Tạp chí Khoa học Nghiên cứu Sức khỏe và Phát triển (Tập 09, Số 03-2025)
Journal of Health and Development Studies (Vol.09, No.03-2025)Nguyễn Thị Hoa Huyền và cộng sự 
Mã DOI: https://doi.org/10.38148/JHDS.0903SKPT25-025
ĐẶT VẤN ĐỀ
Theo thống kê của WHO vào năm 2020, ung 
thư là nguyên nhân hàng đầu gây tử vong trên 
toàn thế giới, chiếm gần 10 triệu ca tử vong 
trong năm. Trong đó, số lượng người bệnh nữ 
chiếm gần một nửa với 8,8 triệu ca trên thế giới 
và hơn 80,000 ca tại Việt Nam (1). Thực trạng 
này cho thấy nhu cầu cấp thiết trong việc thực 
hiện kế hoạch chăm sóc toàn diện cho phụ nữ 
ung thư, bao gồm sức khỏe thể chất và  tinh thần 
(2,3). Điều này tạo ra thách thức đáng kể cho hệ 
thống chăm sóc sức khỏe và đội ngũ nhân viên y tế, trong đó áp lực đặc biệt lớn đặt lên những 
người trực tiếp chăm sóc người bệnh. 
Người chăm sóc (NCS) được định nghĩa là 
người thân, bạn bè có mối quan hệ chặt chẽ 
với người bệnh, đóng vai trò quan trọng trong 
việc cung cấp hỗ trợ về cả thể chất và tinh thần 
cho người bệnh (4). Tuy nhiên, trong quá trình 
thực hiện chăm sóc người thân, NCS có thể 
phải đối diện với nhiều khó khăn, không chỉ 
về cách chăm sóc y tế phù hợp cho người than, ",,,vi,[],[],[],[],"",,2026-05-13 21:05:26.616359+00,2026-05-13 21:05:27.120608+00,,,,,,,,
77,93,126332_d064679bea5b6e52,"CÔNG NGH
Ệ
 
                                                                         
h
ttp
s
://
jst
-
haui.
vn
 
   
T
ạp chí
 
Khoa h
ọc v
à Công ngh
ệ
 
Trư
ờng Đại học Công nghiệp H
à N
ội
 
                                                
  
T
ập 6
1
 
-
 
S
ố 
5
B
 
(
5
/202
5
)
 
280
KHOA H
ỌC
 
 
P
-
ISSN 1859
-
3585
     
E
-
ISSN 2615
-
961
9
 
 
 
PHÂN TÍCH GC
-
MS, TH
Ử
 
NGHI
Ệ
M HO
Ạ
T TÍNH KHÁNG
 
ĐÁI THÁO ĐƯ
Ờ
NG VÀ GÂY Đ
Ộ
C T
Ế
 
BÀO UNG THƯ C
Ủ
A HAI LOÀI
 
T
Ả
O 
Turbinaria conoides
 
VÀ 
Turbinaria decurrens
 
GC
-
MS ANALYSIS, ANTI
-
DIABETIC, AND CANCER CELL TOXICITY OF TWO SPECIES
 
OF ALGAE 
Turbinaria conoides
 
AND 
Turbinaria decurrens
 
 
N
guy
ễ
n Duy Tu
ấ
n
1,
3
, 
Nguy
ễ
n Cư
ờ
ng Qu
ố
c
1
, Ngô H
ồ
ng Phong
3
,
 
Tr
ầ
n Duy Khang
3
, Ph
ạ
m Văn Vĩ
3
, Lê Đăng Quang
2
,
 
Lưu Vũ Phương
1
, Tr
ầ
n Thanh M
ế
n
1
, Tr
ầ
n Quang Đ
ệ
1,*
 
DOI: http://doi.org/10.57001/huih5804.2025.1
80
 
TÓM T
Ắ
T 
 
Thành ph
ầ
n hóa h
ọ
c c
ủ
a hai loài t
ả
o nâu 
Turbinaria conoides
 
và 
Turbinaria decurrens
 
đ
ã 
đư
ợ
c phân tích b
ằ
ng phương pháp GC
-
MS. K
ế
t qu
ả
 
cho th
ấ
y 
T. 
conoides
 
ch
ứ
a 12 h
ợ
p ch
ấ
t, trong đó squalene chi
ế
m t
ỷ
 
l
ệ
 
cao nh",,,vi,[],[],[],[],"",,2026-05-14 18:16:59.489969+00,2026-05-14 18:16:59.487085+00,,,,,,,,
52,68,123962_e378b4fae68c23d9,"25
Tạp chí Khoa học Nghiên cứu Sức khỏe và Phát triển (Tập 09, Số 05-2025)
Journal of Health and Development Studies (Vol.09, No.05-2025)Đào Đức Hạnh và cộng sự
Mã DOI: https://doi.org/10.38148/JHDS.0905SKPT25-112
ĐẶT VẤN ĐỀ
Giáo dục sức khỏe (GDSK) là một trong 
những chức năng nền tảng và thiết yếu của điều dưỡng trong chăm sóc toàn diện người bệnh. GDSK giúp người bệnh và người nhà nâng cao nhận thức, điều chỉnh hành vi sức khỏe, tăng khả năng tự chăm sóc và phối hợp tốt trong cả phòng bệnh, điều trị và phục hồi sức khỏe. Tổ chức Y tế Thế giới xác định GDSK là một trong những nội dung cốt lõi của chăm sóc sức khỏe ban đầu, có ảnh hưởng lớn đến kết quả điều trị và chất lượng cuộc 
sống của người bệnh (1). 
Tuy nhiên, năng lực GDSK của điều dưỡng 
hiện nay còn nhiều hạn chế. Nghiên cứu trong và ngoài nước cho thấy điều dưỡng còn thiếu kiến thức chuyên sâu, kỹ năng tư vấn chưa phù hợp và ít được đào tạo bài bản về phương pháp GDSK hiệu quả (2, 3). Trước thực trạng hạn chế năng lực GDSK của điều dưỡng nói chung và tại Bệnh viện Trung ương Quân đội 108 (TWQĐ108) nói riêng, nghiên cứu can thiệp cải thiện năng lực GDSK của điều dưỡng đã TÓM TẮT 
Mục tiêu: Đánh giá kết quả can thiệp cải",,,vi,[],[],[],[],"",,2026-05-13 21:13:39.896692+00,2026-05-13 21:21:25.576378+00,,,,,,,,
53,69,CVv46V556S12025175,"TẠP CHÍ Y HỌC VIỆT NAM TẬP 556 - THÁNG 11 - SỐ 1 - 2025  
 
175 trên CT scan không đồng thuận rõ rệt so với dữ 
liệu thực tế trong mổ, cho thấy phương pháp 
này còn hạn chế về độ tin cậy lâm sàng. Tóm  lại, 
nghiên  cứu này khẳng định vai trò quan trọng 
của CT scan, đồng thời ủng hộ cách đo kinh điển 
đến mặt ngoài đế bàn đạp trên mặt phẳng 
ngang xương bàn đạp . Phương pháp này có thể 
được xem là lựa chọn phù hợp  và đá ng tin cậy  
để tích hợp vào quy trình lập kế hoạch phẫu 
thuật, góp phần nâng cao tỷ lệ thành công và 
hạn chế biến chứng phẫu thuật.   
TÀI LI ỆU THAM KH ẢO 
1. Flint PW. Cummings Otolaryngology - Head and 
Neck Surgery E -Book: Head and Neck Surgery, 3 -
Volume Set. vo l 3. Elsevier Health Sciences; 2020.  
2. Konigsmark BW, Gorlin RJ. Genetic and 
metabolic deafness. 1976.  
3. Bakhos D, Lescanne E, Charretier C, Robier 
A. A review of 89 revision stapes surgeries for 
otosclerosis. Eur Ann Otorhinolaryngol Head Neck Dis. 2010;127(5 ):177 -82.  
4. Gros A, Vatovec J, Zargi M, Jenko K. Success 
rate in revision stapes surgery for otosclerosis. 
Otol Neurotol. 2005;26(6):1143 -8.  
5. Stull KE, Tise ML, Ali Z, Fowler DR.  Accuracy 
and reliability of measuremen",,,vi,[],[],[],[],"",,2026-05-13 21:25:32.869832+00,2026-05-13 21:25:31.085969+00,,,,,,,,
54,70,122087_3f2a8b80a0d1cc3a,"51
Tạp chí Khoa học Nghiên cứu Sức khỏe và Phát triển (Tập 09, Số 03-2025)
Journal of Health and Development Studies (Vol.09, No.03-2025)Trần Thị Thu Thủy và cộng sự
Mã DOI: https://doi.org/10.38148/JHDS.0903SKPT25-015
ĐẶT VẤN ĐỀ
Hiện nay, người lao động (NLĐ) trên toàn thế 
giới, đặc biệt là ở các nước đang phát triển, 
đang phải đối mặt với nguy cơ gia tăng các 
bệnh đường hô hấp cấp tính và mạn tính do 
hít phải khói, bụi và các hơi khí độc phát sinh 
trong quá trình lao động ở các ngành công 
nghiệp khác nhau (1). Tại Việt Nam, theo 
thống kê của Bộ Y tế trên danh mục 34 bệnh 
nghề nghiệp được hưởng bảo hiểm xã hội, 
tính đến cuối năm 2018 có khoảng 28.000 
NLĐ mắc các bệnh nghề nghiệp và bệnh  bụi phổi silic nghề nghiệp (BPSiNN) là bệnh có 
tỷ lệ mắc cao nhất, chiếm 74,4% (2). Bệnh 
BPSiNN là tình trạng bệnh lý của phổi do hít 
phải bụi có chứa silic tự do trong môi trường 
lao động. Đặc biệt, bụi silic tự do gây xơ hóa 
phổi lan tỏa, tiến triển bệnh không hồi phục 
và tăng nguy cơ nhiễm khuẩn đường hô hấp 
như bệnh lao và viêm phổi cấp tính (3). 
Luyện kim là một ngành công nghiệp lâu đời 
và đặc thù ở Thái Nguyên. Nhà máy Luyện 
thép Lưu Xá đã hoạt động hơn 50 năm nhưng 
việ",,,vi,[],[],[],[],"",,2026-05-13 21:33:51.103649+00,2026-05-13 21:33:49.477579+00,,,,,,,,
55,71,126345_dea24b0afb047153,"P
-
ISSN 1859
-
3585  
   
E
-
ISSN 2615
-
961
9
    
 
h
ttp
s
://
jst
-
haui.
vn
                              
 
                                                      
SCIENCE 
-
 
TECHNOLOGY
 
Vol. 
6
1
 
-
 
No
. 
5
B
 
(
Ma
y
 
202
5
)
 
 
   
 
                                        
 
             
                                          
                                
HaUI 
J
ournal 
of
 
Science and Technology
 
337
 
 
 
THÀNH PH
ẦN HÓA HỌC CỦA CAO CHIẾT ETHYL ACETATE
 
T
Ừ LO
ÀI CU
ỒNG VIỆT NAM (
ARALIA VIETNAMENSIS
)
 
Ở VIỆT NAM
 
CHEMICAL CONSTITUENTS OF THE ETHYL ACETATE EXTRACT FROM 
ARALIA VIETNAMENSIS
 
IN VIETNAM
 
 
 
V
ũ Th
ành Đ
ạt
1,2
, Đ
ỗ Khắc H
ùng
3
, Hoàng Th
ị Bích
1
,
 
Nguy
ễn Thị Hoa
4
, Ph
ạm Thị Thủy
5
,
 
Nguy
ễn Thị Kim An
6
, Đ
ỗ Tiến Lâm
1,2,*
 
DOI: http://doi.org/10.57001/huih5804.2025.18
8
 
TÓM T
ẮT
 
Cu
ồng Việt Nam (
Aralia vietnamensis
) là m
ột lo
ài đ
ặc hữu của Việt Nam đ
ư
ợc ứng dụng trong y học dân gian, đặc biệt điều trị các vấn đề li
ên quan đ
ến bệnh 
th
ấp khớp. Lần đầu ti
ên t
ừ phân đoạn ethyl acetate lo
ài Cu
ồng Việt Nam tại H
à Giang đ
ã phân l
ập v
à xác đ
ịnh cấu trúc của sáu 
h
ợp chất, gồ
m ba triterpenoid: 
olea",,,vi,[],[],[],[],"",,2026-05-13 22:06:15.854217+00,2026-05-13 22:06:14.410793+00,,,,,,,,
56,72,122082_3f6b845b054676bb,"9
Tạp chí Khoa học Nghiên cứu Sức khỏe và Phát triển (Tập 09, Số 03-2025)
Journal of Health and Development Studies (Vol.09, No.03-2025)Nguyễn Thái Quỳnh Chi và cộng sự
Mã DOI: https://doi.org/10.38148/JHDS.0903SKPT25-068
ĐẶT VẤN ĐỀ
Trải nghiệm của người bệnh (TNNB) được 
định nghĩa là “điều gì” đã xảy ra trong quá 
trình sử dụng dịch vụ và nó xảy ra “như thế 
nào” theo quan điểm của người bệnh; trong 
khi đó, sự hài lòng của người bệnh thể hiện 
những kỳ vọng cá nhân và ý kiến chủ quan 
của họ về kết quả chăm sóc mà họ được nhận 
(1).  Với nội hàm như vậy, hai khái niệm này 
không thể thay thế cho nhau; tuy nhiên, chúng 
có mối liên quan phức tạp, có ảnh hưởng sâu 
sắc lẫn nhau và đến đánh giá về chất lượng 
của dịch vụ. Một số nghiên cứu thực hiện gần 
đây ở Việt Nam cho thấy tỷ lệ người bệnh có trải nghiệm tích cực trong thời gian nằm viện 
dao động trong khoảng 70 - >90% (2-6).
Bệnh viện Đại học Y Dược Buôn Ma Thuột 
(BVĐHYDBMT) là bệnh viện ngoài công 
lập được đầu tư và phát triển theo mô hình 
Viện - Trường, kết hợp giữa nghiên cứu, đào 
tạo và khám chữa bệnh. Bệnh viện mới được 
xây dựng và chính thức hoạt động từ tháng 
02/2022. Bên cạnh việc củng cố chất lượng 
khám chữa ",,,vi,[],[],[],[],"",,2026-05-13 22:12:36.392198+00,2026-05-13 22:12:34.437752+00,,,,,,,,
57,73,120304_ee71140869c24780,"JSLHU  JOURNAL OF SCIENCE  
OF LAC HONG UNIVERSITY ISSN: 2525 - 2186  
Tạp chí Khoa học Lạc Hồng, 2025, 21, 104-114 
104 
JSLHU, Issue 21, March  2025ỨNG DỤNG TRÍ TUỆ NHÂN TẠO TRONG SÀNG LỌC SỚM TỰ KỶ - 
TIẾN BỘ VÀ THÁCH THỨC  
Lâm Thành Hiển1, Trần Văn Công2, Trần Gia Huy1, Vũ Đăng Khoa1, Nguy ễn Thanh Hi ền1, Đỗ Đức 
Hiển1, Hoàng Văn Nhân1, Trần Văn Thành1* 
1Trường Đ ại học Lạc Hồng, s ố 10 Hu ỳnh Văn Ngh ệ, Bửu Long, Biên Hòa, Đ ồng Nai, Vi ệt Nam  
2 Trường Đại học Giáo Dục, Nhà G7, 144 đường Xuân Thủy, Hà Nội, Việt Nam  
* Tác giả liên hệ: thanhtran@lhu.edu.vn
THÔNG TIN BÀI BÁO  TÓM TẮT  
Vấn đề sàng lọc sớm trẻ tự kỷ đang là vấn đề khó khăn của không chỉ Việt nam và còn 
của nhiều nước trên thế giới, đặc biệt là ở những nước chưa có sự phát triển của hệ 
thống y tế đủ mạnh. Trong những năm gần đây với sự phát triển của công nghệ thông 
tin đã  có nhiều nghiên cứu ở thế giới về ứng dụng trí tuệ nhân tạo (AI - viết tắt của 
Artificial Intelligence , là lĩnh vực khoa học máy tính tập trung vào việc phát triển các 
hệ thống và thuật toán để thực hiện những nhiệm vụ đòi hỏi trí tuệ mà con người 
thường thực hiện) trong hỗ trợ sàng lọc sớm. Báo cáo này khái quát kết quả nghiên 
cứ",,,vi,[],[],[],[],"",,2026-05-13 22:14:31.800892+00,2026-05-13 22:14:29.061429+00,,,,,,,,
58,74,122084_8618ff206e4ea3d8,"25
Tạp chí Khoa học Nghiên cứu Sức khỏe và Phát triển (Tập 09, Số 03-2025)
Journal of Health and Development Studies (Vol.09, No.03-2025)Bùi Thị Thủy và cộng sự
Mã DOI: https://doi.org/10.38148/JHDS.0903SKPT25-054
ĐẶT VẤN ĐỀ
Điều dưỡng nhi khoa là một thành phần thiết 
yếu trong việc cung cấp dịch vụ chăm sóc sức 
khỏe cho trẻ em tại bệnh viện (1). Điều dưỡng 
trưởng khoa nhi đóng vai trò quan trọng trong 
việc quản lý và điều phối hoạt động chăm sóc 
sức khỏe có chất lượng cho trẻ em tại các cơ 
sở y tế (1). Ngoài ra, điều dưỡng trưởng khoa 
nhi còn tham mưu cho lãnh đạo về công tác 
chăm sóc người bệnh, quản lý các hoạt động 
của điều dưỡng, kỹ thuật viên và hệ thống điều dưỡng trưởng các khoa, góp phần nâng 
cao hiệu quả hoạt động của bệnh viện. 
Hiện nay, có sự thiếu hụt về số lượng điều 
dưỡng trưởng khoa có đủ trình độ và năng 
lực đảm nhiệm vai trò lãnh đạo, quản lý điều 
dưỡng trong các cơ sở y tế (1-2). Hơn nữa, sự 
thiếu hụt của các chương trình đào tạo chuyên 
sâu về kỹ năng quản lý và lãnh đạo khiến cho 
điều dưỡng trưởng nhi khoa gặp nhiều thách 
thức trong việc điều hành nhóm và đảm bảo 
chất lượng chăm sóc trẻ em (2). Để giải quyết 
tình trạng này, cần t",,,vi,[],[],[],[],"",,2026-05-13 22:20:20.969024+00,2026-05-13 22:20:18.754998+00,,,,,,,,
59,75,122085_6b5a7fbacb944be0,"34
Tạp chí Khoa học Nghiên cứu Sức khỏe và Phát triển (Tập 09, Số 03-2025)
Journal of Health and Development Studies (Vol.09, No.03-2025)Nguyễn Thị Thanh Bình và cộng sự
Mã DOI: https://doi.org/10.38148/JHDS.0903SKPT25-044
ĐẶT VẤN ĐỀ
Thiếu máu là tình trạng giảm lượng 
Hemoglobin lưu hành, thiếu máu giai đoạn 
sơ sinh có thể là thiếu máu mạn tính từ trong 
thời kì bào thai, cấp tính do các nguyên 
nhân gây mất máu cấp như xuất huyết mẹ 
- con, xuất huyết não thất, hoặc tình trạng 
tan máu do bất thường hồng cầu, bất đồng 
nhóm máu mẹ - con…(1). Thiếu máu có thể 
là một dấu hiệu của các bệnh lý khác, hoặc là một bệnh lý riêng biệt, nhưng nó có ảnh 
hưởng đến quá trình điều trị và diễn tiến 
bệnh. Sự hiện diện bệnh lý thiếu máu cung 
cấp chỉ điểm quan trọng của quá trình bệnh 
lý cơ bản và thiếu máu nếu không được 
phát hiện, chẩn đoán, điều trị sớm thì có thể 
làm cho tình trạng bệnh lý của trẻ sơ sinh 
trầm trọng hơn và có khi dẫn đến tử vong 
(1). Trên thực tế, thiếu máu là một rối loạn 
huyết học thường gặp ở trẻ sơ sinh tại đơn 
vị Hồi sức sơ sinh. Một số nghiên cứu trước TÓM TẮT 
Mục tiêu: Khảo sát một số yếu tố liên quan đến tình trạng thiếu máu của trẻ sơ sinh bệnh lý trong g",,,vi,[],[],[],[],"",,2026-05-13 22:23:31.294979+00,2026-05-13 22:23:30.862101+00,,,,,,,,
60,76,122085_6b5a7fbacb944be0,"34
Tạp chí Khoa học Nghiên cứu Sức khỏe và Phát triển (Tập 09, Số 03-2025)
Journal of Health and Development Studies (Vol.09, No.03-2025)Nguyễn Thị Thanh Bình và cộng sự
Mã DOI: https://doi.org/10.38148/JHDS.0903SKPT25-044
ĐẶT VẤN ĐỀ
Thiếu máu là tình trạng giảm lượng 
Hemoglobin lưu hành, thiếu máu giai đoạn 
sơ sinh có thể là thiếu máu mạn tính từ trong 
thời kì bào thai, cấp tính do các nguyên 
nhân gây mất máu cấp như xuất huyết mẹ 
- con, xuất huyết não thất, hoặc tình trạng 
tan máu do bất thường hồng cầu, bất đồng 
nhóm máu mẹ - con…(1). Thiếu máu có thể 
là một dấu hiệu của các bệnh lý khác, hoặc là một bệnh lý riêng biệt, nhưng nó có ảnh 
hưởng đến quá trình điều trị và diễn tiến 
bệnh. Sự hiện diện bệnh lý thiếu máu cung 
cấp chỉ điểm quan trọng của quá trình bệnh 
lý cơ bản và thiếu máu nếu không được 
phát hiện, chẩn đoán, điều trị sớm thì có thể 
làm cho tình trạng bệnh lý của trẻ sơ sinh 
trầm trọng hơn và có khi dẫn đến tử vong 
(1). Trên thực tế, thiếu máu là một rối loạn 
huyết học thường gặp ở trẻ sơ sinh tại đơn 
vị Hồi sức sơ sinh. Một số nghiên cứu trước TÓM TẮT 
Mục tiêu: Khảo sát một số yếu tố liên quan đến tình trạng thiếu máu của trẻ sơ sinh bệnh lý trong g",,,vi,[],[],[],[],"",,2026-05-13 22:30:13.95788+00,2026-05-13 22:30:12.587192+00,,,,,,,,
83,99,CVv46V556S12025124,"vietnam medical journal n01 - November - 2025  
 
124 V. KẾT LUẬN  
Suy dinh dưỡng trước phẫu thuật ở bệnh 
nhân ung thư đầu tụy cắt khối tá tụy rất phổ 
biến với tỷ lệ gần 50% có BMI thấp và trên 70% 
có nguy cơ theo PG -SGA. Tình trạng này liên 
quan chặt chẽ đến kéo dài thời gian nằm viện, 
gia tăng biến chứng hậu phẫu như rò tụy, chậm 
lưu thông tiêu hóa và  viêm phổi. Prealbumin <15 
mg/dL chứng tỏ giá trị tiên lượng mạnh hơn so 
với albumin. Can thiệp dinh dưỡng sớm, đặc biệt 
ở nhóm có BMI thấp, PG -SGA mức B/C hoặc 
prealbumin <15 mg/dL, được xem là chiến lược 
cần thiết nhằm cải thiện kết quả điều trị.   
TÀI LI ỆU THAM KHẢO  
1. Xu, Z., Chen, J., Mou, Y.  et al.  Effects of 
nutritional status on short -term prognosis after 
minimally invasive pancreaticoduodenectomy.  Sci 
Rep 14, 29549 (2024).  
2. Tirnova İ, Erkent M, Aydin HO, Gojayev A, 
Yildirim S. Retrospective study compa ring 30 -day 
surgical outcomes of pancreaticoduodenectomy for 
pancreatic head adenocarcinoma in patients with 
and without malnutrition defined by the GLIM 
criteria. Medicine (Baltimore). 2025 Jul 
18;104(29):e4336Braga M., Ljungqvist O., Soeters 
P. và c ộng sự. (2009). ESPEN Guidelines on 
P",,,vi,[],[],[],[],"",,2026-05-14 19:54:44.513807+00,2026-05-14 19:54:43.273949+00,,,,,,,,
61,77,122095_26b9522f7b05c30b,"119
Tạp chí Khoa học Nghiên cứu Sức khỏe và Phát triển (Tập 09, Số 03-2025)
Journal of Health and Development Studies (Vol.09, No.03-2025)Nguyễn Thu Hà và cộng sự 
Mã DOI: https://doi.org/10.38148/JHDS.0903SKPT25-017
BÀI BÁO NGHIÊN CỨU GỐC
TÓM TẮT 
Mục tiêu: Mô tả kiến thức và thực hành tuân thủ điều trị (TTĐT) thuốc kháng virus HIV (ARV) của 
người nhiễm HIV đang được quản lý điều trị tại Phòng khám chuyên khoa HIV/AIDS, Khoa Khám bệnh, 
Bệnh viện Đa khoa tỉnh Trà Vinh năm 2024. 
Phương pháp nghiên cứu: Thiết kế nghiên cứu cắt ngang, chọn mẫu toàn bộ 305 người bệnh trên 18 
tuổi, điều trị trên 12 tháng, đến khám trong thời gian tháng 5- 10/2024 tại Phòng khám. Tiến hành phỏng 
vấn sau khi người bệnh lĩnh thuốc. Người bệnh điều trị phác đồ bậc 1 được đánh giá là TTĐT khi số liều 
thuốc quên uống tự báo cáo trong 1 tháng qua tối đa là 1 liều và quên giờ tối đa là 1 lần. 
Kết quả: Tỷ lệ có kiến thức đạt về TTĐT ARV là 62,3%. Tỷ lệ TTĐT ARV là 94,43%. Các lý do không 
TTĐT chính gồm quên uống thuốc do bận rộn, quên mang thuốc khi đi làm, chưa kịp nhận thuốc, thay 
đổi sinh hoạt và cảm giác mệt mỏi.
Kết luận: Nội dung tư vấn và truyền thông cần tập trung vào hậu quả của không TTĐT, các",,,vi,[],[],[],[],"",,2026-05-13 22:48:20.77823+00,2026-05-13 22:48:19.610458+00,,,,,,,,
62,78,122103_651bdf27d4055273,"17
Journal of Health and Development Studies (Vol.09, No.04-2025)Hua Thanh Thuy et al.
DOI: https://doi.org/10.38148/JHDS.0904SKPT25-019
ABSTRACT
Objectives: This study aims to evaluate the outcomes of the Public-Private Mix (PPM) initiative for tuberculosis 
(TB) control in Vietnam from 2015 to 2023 and to analyze key factors influencing its implementation.
Methods: A mixed-methods approach was employed, incorporating a desk review of reports and data on 
PPM implementation for TB control from 2015 to 2023, alongside qualitative interviews. A total of twenty in-depth interviews were conducted.
Results: The number of provinces participating in the PPM initiative increased from 24 in 2015 to 63 in 2023. During this period, the number of TB cases detected through PPM rose from 9,182 in 2015 to 26,300 in 2023, accounting for 5.6% to 33.4% of all detected TB cases. The key determinants influencing PPM implementation included policy and governance, financial resources, and human resource capacity. Conflicts or discrepancies between certain policies can severely hinder the participation of private healthcare facilities in the PPM program.
Conclusion: The PPM initiative for TB control in ",,,vi,[],[],[],[],"",,2026-05-13 22:51:49.606332+00,2026-05-13 22:51:48.623581+00,,,,,,,,
63,79,CVv46V556S12025139,"TẠP CHÍ Y HỌC VIỆT NAM TẬP 556 - THÁNG 11 - SỐ 1 - 2025  
 
139 HIỆU QUẢ ĐIỀU TRỊ LOÉT TÁ TRÀNG CÓ NHIỄM  
HELICOBACTER PYLORI Ở TRẺ EM BẰNG PHÁC ĐỒ 4  
THUỐC CÓ B ISMUTH TẠI BỆNH VIỆN NHI THÁI BÌNH   
Vũ Thị Thơm1,2, Phí Thị Quỳnh Anh3, Nguyễn Thị Việt Hà1,3 
 
TÓM TẮT 35 
Loét tá tràng là tình trạng tổn thương sâu ở niêm 
mạctá tràng với đặc điểm mạn tính và hay tái phát. 
Mục tiêu:  Đánh giá kết quả điều trị loét tá tràng có 
nhiễm H. pylori ở trẻ em bằng phác đồ 4 thuốc có 
Bismuth tại Bệnh viện Nhi Thái Bình . Đối tượng và 
phương pháp : Nghiên cứu tiến cứu mô tả trên 42 trẻ 
(3–16 tuổi) được chẩn đoán loét tá tràng nhiễm H. 
pylori bằng test urease và mô bệnh học. Trẻ được 
điều trị bằng phác đồ 4 thuốc có Bismuth. Hiệu quả 
được đánh giá bằng tỷ lệ tiệt trừ H. pylori, liền sẹo ổ 
loét, cải thiện triệu chứng và tác dụng không mong 
muốn . Kết quả : Tuổi trung bình 11,5 ± 2,1; nam/nữ 
= 2,5/1. Sau 6 tuần, tiệt trừ H. pylori đạt 81%, làn h ổ 
loét 88,1%, 11,9% chưa khỏi và78,6% bệnh nhân hết 
đau bụng. Các triệu chứng xuất huyết tiêu hóa, buồn 
nôn, ợ hơi, khó tiêu đều hết sau điều trị. Tác dụng 
không mong muốn là mệt mỏi chiếm tỷ lệ thấp, không 
cần ngừng điều trị. Kết luận: ",,,vi,[],[],[],[],"",,2026-05-13 23:04:21.13545+00,2026-05-13 23:04:20.827846+00,,,,,,,,
64,80,CVv46V556S12025151,"TẠP CHÍ Y HỌC VIỆT NAM TẬP 556 - THÁNG 11 - SỐ 1 - 2025  
 
151 điều trị khác hoặc với giả dược để làm rõ hơn về 
lợi ích của nó. Ngoài ra, việc phân tích sâu hơn 
các yếu tố có thể ảnh hư ởng đến kết quả điều 
trị, như tuổi, giới tính, mức độ nghiêm trọng ban 
đầu của bệnh, cũng sẽ mang lại những thông tin 
hữu ích cho việc cá nhân hóa điều trị.    
V. KẾT LUẬN  
Chúng tôi nhận thấy điều trị itopride giúp cải 
thiện đáng kể và toàn diện chất  lượng cuộc sống  
của bệnh nhân khó  tiêu chức năng  chức năng cho 
thấy điểm SF -NDI trung bình giảm từ 52,57 ± 
18,47 xuống 25,68 ± 6,71 sau điều trị, với mức 
cải thiện trung bình 26,89 điểm có ý nghĩa thống 
kê (p < 0,001). Sự cải thiện này ghi nhận ở tất cả 
các lĩnh  vực, đặc biệt ở nhóm bệnh nhân có gánh 
nặng triệu chứng nặng nhất là thể chồng lấp. Các 
yếu tố như giới tính, BMI, thói quen sinh hoạt 
không liên quan đến mức độ cải thiện .  
TÀI LIỆU THAM KHẢO  
1. Ford AC, Mahadeva S, Carbone MF, Lacy BE, 
Talley NJ. Functi onal dyspepsia. The Lancet . 
2020;396(10263):1689 -1702. doi:10.1016/S0140 -
6736(20)30469 -4 
2. Ghoshal UC, Singh R, Chang FY, et al. 
Epidemiology of Uninvestigated and Functional 
Dyspepsia in Asia: Facts and ",,,vi,[],[],[],[],"",,2026-05-13 23:11:48.694191+00,2026-05-13 23:11:47.429174+00,,,,,,,,
65,81,122087_3f2a8b80a0d1cc3a,"51
Tạp chí Khoa học Nghiên cứu Sức khỏe và Phát triển (Tập 09, Số 03-2025)
Journal of Health and Development Studies (Vol.09, No.03-2025)Trần Thị Thu Thủy và cộng sự
Mã DOI: https://doi.org/10.38148/JHDS.0903SKPT25-015
ĐẶT VẤN ĐỀ
Hiện nay, người lao động (NLĐ) trên toàn thế 
giới, đặc biệt là ở các nước đang phát triển, 
đang phải đối mặt với nguy cơ gia tăng các 
bệnh đường hô hấp cấp tính và mạn tính do 
hít phải khói, bụi và các hơi khí độc phát sinh 
trong quá trình lao động ở các ngành công 
nghiệp khác nhau (1). Tại Việt Nam, theo 
thống kê của Bộ Y tế trên danh mục 34 bệnh 
nghề nghiệp được hưởng bảo hiểm xã hội, 
tính đến cuối năm 2018 có khoảng 28.000 
NLĐ mắc các bệnh nghề nghiệp và bệnh  bụi phổi silic nghề nghiệp (BPSiNN) là bệnh có 
tỷ lệ mắc cao nhất, chiếm 74,4% (2). Bệnh 
BPSiNN là tình trạng bệnh lý của phổi do hít 
phải bụi có chứa silic tự do trong môi trường 
lao động. Đặc biệt, bụi silic tự do gây xơ hóa 
phổi lan tỏa, tiến triển bệnh không hồi phục 
và tăng nguy cơ nhiễm khuẩn đường hô hấp 
như bệnh lao và viêm phổi cấp tính (3). 
Luyện kim là một ngành công nghiệp lâu đời 
và đặc thù ở Thái Nguyên. Nhà máy Luyện 
thép Lưu Xá đã hoạt động hơn 50 năm nhưng 
việ",,,vi,[],[],[],[],"",,2026-05-13 23:24:31.055595+00,2026-05-13 23:24:29.371362+00,,,,,,,,
66,82,CVv46V556S32025207,"TẠP CHÍ Y HỌC VIỆT NAM TẬP 556 - THÁNG 11 - SỐ 3 - 2025  
 
207 Lựa chọn kháng sinh ban đ ầu: Phác đ ồ kinh đi ển 
nhắm vào S. pneumoniae có thể không phù h ợp 
cho b ệnh nhân ĐTĐ. C ần cân nh ắc bao ph ủ 
Gram âm, nh ất là K. pneumoniae và A. 
baumannii, trong phác đ ồ điều trị ban đ ầu. Kiểm 
soát đư ờng huy ết: Kết quả chứng minh r ằng 
kiểm soát glucose máu t ốt có th ể làm gi ảm nguy 
cơ nhi ễm khu ẩn nặng và giảm tỷ lệ cấy dương 
tính. Đây là y ếu tố quan tr ọng trong chi ến lược 
quản lý toàn di ện bệnh nhân. Theo dõi kháng 
kháng sinh: S ự hiện diện của A. baumannii và P. 
aeruginosa c ảnh báo nguy cơ kháng thu ốc, cần 
xét nghi ệm kháng sinh đ ồ để cá thể hóa đi ều trị. 
Nghiên c ứu chưa đánh giá đ ầy đủ căn nguyên 
không đi ển hình và virus, do h ạn chế kỹ thuật. 
Cỡ mẫu còn nh ỏ, làm gi ảm khả năng phát hi ện 
sự khác bi ệt có ý nghĩa th ống kê ở các phân tích 
liên quan đ ến kiểm soát glucose. Tuy nhiên, k ết 
quả vẫn có giá tr ị định hướng cho th ực hành lâm 
sàng và nghiên c ứu tiếp theo.   
V. KẾT LUẬN  
Kết quả nghiên cứu cho thấy, vi khuẩn Gram 
âm chiếm ưu thế rõ rệt, đặc biệt Klebsiella 
pneumoniae và Acinetobacter baumannii. Tỷ lệ 
cấy dương tính cao hơn ở nhóm ",,,vi,[],[],[],[],"",,2026-05-14 16:26:29.633604+00,2026-05-14 16:26:28.854425+00,,,,,,,,
67,83,122092_30328b4436951740,"95
Tạp chí Khoa học Nghiên cứu Sức khỏe và Phát triển (Tập 09, Số 03-2025)
Journal of Health and Development Studies (Vol.09, No.03-2025)Phạm Thị Huyền Chang và cộng sự 
Mã DOI: https://doi.org/10.38148/JHDS.0903SKPT25-071
ĐẶT VẤN ĐỀ
Sử dụng thuốc an toàn hợp lý là nhiệm vụ hàng 
đầu trong quản lý chất lượng bệnh viện, trong 
đó việc kê đơn là vô cùng quan trọng trong quá 
trình đảm bảo sử dụng thuốc hợp lý an toàn. 
Hiện nay, tại Việt Nam cũng như trên thế giới, 
vấn đề kê đơn và sử dụng thuốc vẫn tồn tại 
nhiều vấn đề bất cập như đơn thuốc còn thiếu 
thông tin hành chính (như không ghi tuổi, giới 
tính, không có tên bác sĩ,...), không ghi thời 
điểm dùng thuốc, kê nhiều loại thuốc trong 
một đơn thuốc, kê nhiều kháng sinh, vitamin, 
khoáng chất,…(1),(2). Những bất cập này đã 
và đang tồn tại đòi hỏi người quản lý Bệnh viện cần có các biện pháp khắc phục kiểm soát 
tốt quy trình kê đơn (3). Để thực hiện tốt công 
tác kê đơn hướng tới sử dụng thuốc an toàn, 
hợp lý và kinh tế, Bộ Y tế đã ban hành nhiều 
văn bản pháp quy quy định như: Thông tư số 
05/2016/TT-BYT; Thông tư số 52/2017/TT-
BYT và Thông tư số 18/2018/TT-BYT (4-7).
Tại Trung tâm y tế (TTYT) huyện Cái Bè, 
Khoa khám bệnh ",,,vi,[],[],[],[],"",,2026-05-14 16:34:00.040973+00,2026-05-14 16:33:59.920328+00,,,,,,,,
68,84,CVv46V556S12025038,"vietnam medical journal n01 - November - 2025  
 
38 Hiệu quả của hai phác đồ sử dụng polyethylene 
glycol 3350 và lactulose trong điều trị táo bón 
mạn tính chức năng ở trẻ em dưới 6  tuổi. Tạp chí 
Nghiên cứu Y học . 2021;145(9):119 -128.  
7. Nguyễn Thị Thơm, Nguyễn Thị Việt Hà. Hiệu 
quả của phác đồ sử dụng polyethylene glycol 
3350 trong điều trị táo bón chức năng ở trẻ em tại Bệnh viện Sản Nhi Nghệ An. Tạp chí Y học Việt 
Nam. 2024;542(1):3 22-326. 
8. Dheivamani N, Thomas W, Bannerjii R, 
Mukherjee M, Mitra M. Efficacy of polyethylene 
glycol 3350 as compared to lactulose in treatment 
of ROME IV criteria –defined pediatric functional 
constipation: A randomized controlled trial. Indian 
J Gastroenter ol. 2021;40(2):227 -233.  
 
 
KẾT CỤC TIM MẠCH NỘI VIỆN VÀ CÁC YẾU TỐ LIÊN QUAN  
Ở BỆNH NHÂN NHỒI MÁU CÕ TIM CẤP ST CHÊNH LÊN  
DO TẮC ÐOẠN GẦN ÐỘNG MẠCH VÀNH THỦ PHẠM  
 
Đào Thị Thanh Bình1, Vũ Đức Tín1, Nguyễn Đỗ Anh2   
TÓM T ẮT 10 
Mục tiêu: Khảo sát kết cục tim mạch nội viện và 
các yếu tố liên quan ở bệnh nhân nhồi máu cơ tim cấp 
ST chênh lên do tắc đoạn gần động mạch vành thủ 
phạm. Phương pháp nghiên cứu: Nghiên cứu đoàn 
hệ. Gồm 309 bệnh nhân nhồi máu cơ tim cấp ST",,,vi,[],[],[],[],"",,2026-05-14 16:46:00.321516+00,2026-05-14 16:45:59.206425+00,,,,,,,,
69,85,CVv46V556S12025049,"TẠP CHÍ Y HỌC VIỆT NAM TẬP 556 - THÁNG 11 - SỐ 1 - 2025  
 
49 nghiên cứu trước, đồng thời phản ánh những 
đặc thù về mô hình bệnh tật và hệ thống chăm 
sóc tại Việt Nam. Việc so sánh với các ngh iên 
cứu trong và ngoài nước góp phần khẳng định 
giá trị thực tiễn của nghiên cứu, từ đó làm rõ 
hơn vai trò của điều dưỡng trong kiểm soát triệu 
chứng và nâng cao chất lượng sống người bệnh. 
Những phân tích này cũng đặt ra yêu cầu cần 
tiếp tục cải tiến mô h ình chăm sóc đa chuyên 
khoa và củng cố hệ thống theo dõi sau ra viện – 
những yếu tố quan trọng để tối ưu hóa hiệu quả 
điều trị trong ung thư giai đoạn muộn.   
V. KẾT LUẬN  
Vàng da là triệu chứng phổ biến nhất và 
xuất hiện ở hầu hết các trường hợp tắc mật.   
TÀI LIỆU THAM KHẢO  
1. Nguyễn Thị Kim Ngân. Đặc điểm lâm sàng và 
biến chứng nhiễm trùng ở người bệnh tắc mật tại 
Bệnh viện Đại học Y Dược TP.HCM. Tạp chí Y học 
TP Hồ Chí Minh.  2020;24(3):45 –51. 
2. Trần Thị Thu Hà. Đánh giá thực trạng và hiệu 
quả can thiệp chăm sóc dinh dưỡng ở bệnh nhân 
ung thư gan tại Bệnh viện K  [Luận văn thạc sĩ]. 
Hà Nội: Trường Đại học Y tế công cộng; 2021.  3. Phạm Duy Hưng. Nghiên cứu đặc điểm lâm 
sàng và điều trị tắc mật do u đường mậ",,,vi,[],[],[],[],"",,2026-05-14 17:08:15.268708+00,2026-05-14 17:08:14.534586+00,,,,,,,,
70,86,122099_572701ee90de9692,"155
Tạp chí Khoa học Nghiên cứu Sức khỏe và Phát triển (Tập 09, Số 03-2025)
Journal of Health and Development Studies (Vol.09, No.03-2025)Hồ Văn Hiếu và cộng sự 
Mã DOI: https://doi.org/10.38148/JHDS.0903SKPT25-021
ĐẶT VẤN ĐỀ
Quản lý và điều hành tốt nguồn nhân lực y 
tế (NLYT) góp phần tăng cường công bằng 
trong chăm sóc sức khỏe và phát triển kinh tế 
xã hội của một quốc gia (1, 2). Tại Việt Nam 
kết quả của nhiều nghiên cứu cũng cho thấy 
công tác quản lý nguồn NLYT còn gặp khó 
khăn, tình trạng thiếu hụt cả về chất lượng 
và số lượng (3-6). Những yếu tố như các chế 
độ, chính sách về thu hút chưa thỏa đáng; 
lương và các khoản thu nhập còn thấp; cơ sở 
vật chất, trang thiết bị (TTB) chưa đồng bộ, xuống cấp, ... là những yếu tố ảnh hưởng tiêu 
cực đến việc quản lý nguồn nhân lực tại các 
cơ sở y tế hiện nay (3-6).
Tại Trung tâm Y tế (TTYT) thị xã Buôn Hồ 
trong những năm qua tình hình nhân lực có 
nhiều biến động ảnh hưởng đến hoạt động 
chuyên môn của đơn vị (7). Việc đảm bảo 
biên chế theo Đề án vị trí việc làm và duy 
trì môi trường làm việc ổn định đặt ra nhiều 
thách thức trong công tác quản lý nhân lực. 
Trên cơ sở đó, nghiên cứu này được thực hiện 
với mục tiêu: (1) Mô t",,,vi,[],[],[],[],"",,2026-05-14 17:20:31.542619+00,2026-05-14 17:20:31.112092+00,,,,,,,,
72,88,CVv46V556S12025009,"TẠP CHÍ Y HỌC VIỆT NAM TẬP 556 - THÁNG 11 - SỐ 1 - 2025  
 
9 5. Trần Qu ốc Hòa, Đ ậu Xuân Yên.  Đánh giá k ết 
quả phẫu thu ật nội soi sau phúc m ạc lấy sỏi niệu 
quản tại bệnh viện đại học Y H à Nội giai đo ạn 2020 
- 2023. Tạp chí Y h ọc Việt Nam . 2024;536(2).  
6. Võ Tr ọng H ạnh. Đánh Giá K ết Quả Phẫu Thu ật 
Nội Soi Sau Phúc M ạc Lấy Sỏi Niệu Quản 1/3 Trên 
Tại Bệnh Viện Hữu Ngh ị Việt Đức Giai Đo ạn 2014 -
2016. Luận văn Th ạc sĩ Y h ọc. Trư ờng đại học Y 
Hà Nội; 2017.  7. Jia B, Liu J, Hu B, Chen Z. Using retroperitoneal 
laparoscopic ureterolithotomy in the treatment of 
impacted upper ureteric calculi. Translational 
Andrology and Urology . 2022;11(1):104 -109. 
8. Wani MM, Durrani AM.  Laparoscopic 
ureterolithoto my: Experience of 60 cases from a 
developing world hospital. Journal of Minimal 
Access Surgery . 2019;15(2):103.  
 
 
KẾT QUẢ BƯỚC ĐẦU CỦA LIỆU PHÁP TÂN BỔ TRỢ TOÀN BỘ  
Ở BỆNH NHÂN UNG THƯ TRỰC TRÀNG TIẾN TRIỂN TẠI CHỖ  
TẠI BỆNH VIỆN QUÂN Y 103  
 
Nguyễn Châu Ph ong1, Vũ Thanh Tùng1, 
Lại Thị Định1, Vũ Anh Hải1 
 
TÓM TẮT 3 
Nghiên cứu mô tả hồi cứu trên 30 bệnh nhân ung 
thư trực tràng giai đoạn tiến triển tại chỗ được điều trị 
TNT nhằm đánh giá kết ",,,vi,[],[],[],[],"",,2026-05-14 17:48:52.478219+00,2026-05-14 17:48:50.518554+00,,,,,,,,
73,89,CVv46V556S12025025,"TẠP CHÍ Y HỌC VIỆT NAM TẬP 556 - THÁNG 11 - SỐ 1 - 2025  
 
25 Countries. Gastroenterology . 2018;155(4):1079 -
1089.e3. doi:10.1053/j.gastro.2018.06.043  
8. Chung SH, Lee HW, Kim SW, et al.  Usefulness 
of Measu ring Serum Procalcitonin Levels in 
Patients with Inflammatory Bowel Disease. Gut 
Liver. 2016;10(4):574 -580. doi:10.5009/gnl15209  
9. Risk of bacteremia in hospitalised patients 
with inflammatory bowel disease:  A 9-year cohort study. doi:10.1177/205064061987 4524 
10. Kirchgesner J, Lemaitre M, Carrat F, Zureik 
M, Carbonnel F, Dray -Spira R.  Risk of Serious 
and Opportunistic Infections Associated With 
Treatment of Inflammatory Bowel Diseases. 
Gastroenterology . 2018;155(2):337 -346.e10. doi:  
10.1053/j.gastro.2018. 04.012  
 
 
KẾT QUẢ PHẪU THUẬT CỐ ĐỊNH CỘT SỐNG VÀ HÀN XƯƠNG  
LIÊN THÂN ĐỐT ĐƯỜNG SAU ĐIỀU TRỊ MẤT VỮNG ĐA TẦNG  
CỘT SỐNG THẮT LƯNG CÙNG TẠI BỆNH VIỆN BẠCH MAI  
 
Nguyễn Văn Trung1, Hoàng Gia Du2,  
Nguyễn Đức Hoàng1, Vũ Xuân Phước1, Lê Đăng Tân1  
TÓM TẮT 7 
Mục t iêu: Đánh giá kết quả phẫu thuật cố định 
cột sống và hàn xương liên thân đốt đường sau điều 
trị mất vững đa tầng cột sống thắt lưng cùng . Đối 
tượng và phương pháp nghiên cứu:  Nghi",,,vi,[],[],[],[],"",,2026-05-14 17:49:40.977864+00,2026-05-14 17:49:37.778604+00,,,,,,,,
74,90,CVv46V556S12025139,"TẠP CHÍ Y HỌC VIỆT NAM TẬP 556 - THÁNG 11 - SỐ 1 - 2025  
 
139 HIỆU QUẢ ĐIỀU TRỊ LOÉT TÁ TRÀNG CÓ NHIỄM  
HELICOBACTER PYLORI Ở TRẺ EM BẰNG PHÁC ĐỒ 4  
THUỐC CÓ B ISMUTH TẠI BỆNH VIỆN NHI THÁI BÌNH   
Vũ Thị Thơm1,2, Phí Thị Quỳnh Anh3, Nguyễn Thị Việt Hà1,3 
 
TÓM TẮT 35 
Loét tá tràng là tình trạng tổn thương sâu ở niêm 
mạctá tràng với đặc điểm mạn tính và hay tái phát. 
Mục tiêu:  Đánh giá kết quả điều trị loét tá tràng có 
nhiễm H. pylori ở trẻ em bằng phác đồ 4 thuốc có 
Bismuth tại Bệnh viện Nhi Thái Bình . Đối tượng và 
phương pháp : Nghiên cứu tiến cứu mô tả trên 42 trẻ 
(3–16 tuổi) được chẩn đoán loét tá tràng nhiễm H. 
pylori bằng test urease và mô bệnh học. Trẻ được 
điều trị bằng phác đồ 4 thuốc có Bismuth. Hiệu quả 
được đánh giá bằng tỷ lệ tiệt trừ H. pylori, liền sẹo ổ 
loét, cải thiện triệu chứng và tác dụng không mong 
muốn . Kết quả : Tuổi trung bình 11,5 ± 2,1; nam/nữ 
= 2,5/1. Sau 6 tuần, tiệt trừ H. pylori đạt 81%, làn h ổ 
loét 88,1%, 11,9% chưa khỏi và78,6% bệnh nhân hết 
đau bụng. Các triệu chứng xuất huyết tiêu hóa, buồn 
nôn, ợ hơi, khó tiêu đều hết sau điều trị. Tác dụng 
không mong muốn là mệt mỏi chiếm tỷ lệ thấp, không 
cần ngừng điều trị. Kết luận: ",,,vi,[],[],[],[],"",,2026-05-14 18:00:04.667212+00,2026-05-14 18:00:03.904032+00,,,,,,,,
75,91,126350_f06bec4950639b22,"CÔNG NGH
Ệ
 
                                                                         
h
ttp
s
://
jst
-
haui.
vn
 
   
T
ạp chí
 
Khoa h
ọc v
à Công ngh
ệ
 
Trư
ờng Đại học Công nghiệp H
à N
ội
 
                                       
 
          
T
ập 6
1
 
-
 
S
ố 
5
B
 
(
5
/202
5
)
 
352
KHOA H
ỌC
 
 
P
-
ISSN 1859
-
3585
     
E
-
ISSN 2615
-
961
9
 
 
 
THÀNH PH
ẦN HÓA HỌC V
À HO
ẠT TÍNH KHÁNG KHUẨN
 
C
ỦA CÁC HỢP CHẤT PHÂN LẬP TỪ CẶN CHIẾT ETHYL ACETATE
 
C
ỦA LÁ ỔI (
PSIDIUM GUAJAVA
 
L. )
 
THU HÁI T
ẠI TỈNH H
ƯNG YÊN, VI
ỆT NAM
 
CHEMICAL COMPOSITION AND ANTIBACTERIAL ACTIVITY OF COMPOUNDS ISOLATED FROM ETHYL 
ACETATE EXTRACTS OF LEAVES OF 
PSIDIUM GUAJAVA
 
L. COLLECTED IN HUNG YEN PROVINCE, VIETNAM
 
 
Lê Xuân Duy
1
, Nguy
ễn Thị Kim An
2
, Lê Th
ị Thúy Loan
3
, V
ũ Thị Thu L
ê
4,*
 
DOI: http://doi.org/10.57001/huih5804.2025.1
9
0
 
TÓM T
ẮT
 
Cây 
Ổ
i có tên khoa h
ọ
c là 
Psidium guajava 
L.
, đây là loài cây đư
ợ
c tr
ồ
ng ph
ổ
 
bi
ế
n 
ở
 
Vi
ệ
t Nam v
ớ
i m
ụ
c đích chính là cây ăn qu
ả
. Qu
ả
 
Ổ
i giàu dinh dư
ỡ
ng và các 
ch
ấ
t ch
ố
ng oxy hoá v
ớ
i hàm lư
ợ
ng vitamin C khá cao. G
ầ
n đây, m
ộ
t s
ố
 
nghiên c
ứ
u dư
ợ
c lý cho th
ấ
y cao chi
ế
t lá cây 
ổ",,,vi,[],[],[],[],"",,2026-05-14 18:09:38.046137+00,2026-05-14 18:09:35.513228+00,,,,,,,,
76,92,126408_22bff56b35703513,"CÔNG NGH
Ệ
 
                                                                         
h
ttp
s
://
jst
-
haui.
vn
 
   
T
ạp chí
 
Khoa h
ọc v
à Công ngh
ệ
 
Trư
ờng Đại học Công nghiệp H
à N
ội
 
                                                
  
T
ập 6
1
 
-
 
S
ố 
5
B
 
(
5
/202
5
)
 
478
KHOA H
ỌC
 
 
P
-
ISSN 1859
-
3585
     
E
-
ISSN 2615
-
961
9
 
 
 
KH
Ả
O SÁT HÀM LƯ
Ợ
NG CÁC HYDROCACBON THƠM ĐA V
ÒNG
 
(PAHs) TRONG M
Ộ
T S
Ố
 
LO
Ạ
I TH
Ự
C PH
Ẩ
M XÔNG KHÓI
 
TRÊN TH
Ị
 
TRƯ
Ờ
NG VÀ ĐÁNH GIÁ R
Ủ
I RO
 
Đ
Ố
I V
Ớ
I S
Ứ
C KH
Ỏ
E CON NGƯ
Ờ
I
 
PRELIMINARY INVESTIGATION OF POLYCYCLIC AROMATIC HYDROCARBON (PAHs)
 
IN SMOKED FOOD ON THE MARKET AND HUMAN HEALTH RISK ASSESSMENT
 
 
 
Nguy
ễ
n Th
ị
 
Thùy Linh
1
, Nguy
ễ
n Th
ị
 
Thanh Huy
ề
n
1
,
 
Nguy
ễ
n Thúy Ng
ọ
c
2
,
 
Dương H
ồ
ng Anh
2
,
 
Ph
ạ
m Hùng Vi
ệ
t
3
, Nguy
ễ
n Xuân Huân
1
, Phùng Th
ị
 
V
ĩ
1,3*
 
DOI: http://doi.org/10.57001/huih5804.2025.20
8
 
TÓM T
Ắ
T 
 
Hydrocacbon thơm đa v
òng (PAHs) là nhóm các h
ợ
p ch
ấ
t h
ữ
u cơ đư
ợ
c hình thành do quá trình 
đ
ố
t cháy không hoàn toàn, đ
ặ
c bi
ệ
t có kh
ả
 
năng gây ung thư 
và tác đ
ộ
ng tiêu c
ự
c đ
ế
n s
ứ
c kh
ỏ
e con ngư
ờ
i. Các th
ự
c ph
ẩ
m xông khói n",,,vi,[],[],[],[],"",,2026-05-14 18:10:13.211328+00,2026-05-14 18:10:10.719967+00,,,,,,,,
78,94,CVv46V556S12025062,"vietnam medical journal n01 - November - 2025  
 
62 ĐẶC ĐIỂM LÂM SÀNG , CẬN LÂM SÀNG VIÊM PHỔI  CỘNG ĐỒNG  
DO HAEMOPHILUS INFLUENZAE VÀ TÍNH NHẠY CẢ M KHÁNG SINH  
CỦA  HAEMOPHILUS INFLUENZAE TẠI BỆNH VIỆN NHI TRUNG ƯƠNG  
 
Bùi Bích Ngọc1, Lê Đức Quang1, Lê Thị Hồng Hanh2, 
Phan Văn Nhã1, Phạm Thu Nga1 
 
TÓM TẮT 16 
Haemophilus influenzae  (H.influenzae ) là vi khuẩn 
gây viêm phổi đang có  xu hướng gia tăng trong thời 
gian gần đây. Tình trạng H.influenzae  kháng kháng 
sinh ngày càng cao đặt ra nhiều thách thức cho quá 
trình điều trị. Mục tiêu:  Mô tả đặc điểm lâm sàng, 
cận lâm sàng viêm phổi do H.influenzae  và tính nhạy 
cảm kháng sinh của H.influenzae . Đối tượng nghi ên 
cứu: 343 trẻ từ 1 tháng đến 5 tuổi mắc viêm phổi do 
H.influenzae  tại Trung tâm hô hấp Bệnh viện Nhi 
Trung ương trong thời gian từ 11/09/2024 đến 
30/06/2025. Phương pháp nghiên cứu:  tiến cứu, 
mô tả cắt ngang. Kết quả:  Triệu chứng lâm sàng hay 
gặp là ho ( 99,1%), sốt (70%), ran ở phổi (95,3%). 
Sốt cao ≥ 38,5⁰C chiếm 51,9%, số ngày sốt trước 
nhập viện 1,8 ± 1,69 ngày. Hình ảnh Xquang tổn 
thương nốt mờ lan tỏa 2 bên chiếm  59,5%, tổn 
thương khu trú thùy, phân thù y chiếm  38,2%. 
H.influenzae  t",,,vi,[],[],[],[],"",,2026-05-14 18:40:17.293992+00,2026-05-14 18:40:14.06569+00,,,,,,,,
79,95,CVv46V556S12025100,"vietnam medical journal n01 - November - 2025  
 
100 trong ho ặc lồi cầu ngoài chi ếm 12,4%. Theo Tr ần 
Đình Chi ến và c ộng sự [1] thì gãy đ ầu dưới xương 
đùi lo ại A chi ếm 44,8%; Lo ại C chi ếm 37,9%, 
không có b ệnh nhân nào lo ại B. Trương Trí H ữu 
và cộng sự [6] ghi nh ận gãy đ ầu dưới xương đùi 
loại C theo AO chi ếm đa s ố với 30/34 b ệnh nhân 
(88,2%) v ới (loại C1 có 6 b ệnh nhân chi ếm 
17,6%, lo ại C2 có 14 b ệnh nhân chi ếm 41,2% và 
loại C3 có 10 b ệnh nhân chi ếm 29,4%).  
Qua phân tích k ết quả các nghiên c ứu nhận 
thấy gãy lo ại A và lo ại C trong các nghiên c ứu 
chiếm tỷ lệ cao, gãy lo ại B chi ếm tỷ lệ thấp nhất. 
Một số tác gi ả nhận xét gãy lo ại C chi ếm tỷ lệ 
cao ở nhóm b ệnh nhân do tai n ạn giao thông v ới 
lực chấn thương l ớn, xươ ng gãy ph ức tạp, hay 
gặp ở người trẻ. Gãy lo ại A chi ếm tỷ lệ cao ở 
nhóm b ệnh nhân do tai n ạn sinh ho ạt bị ngã, 
hay g ặp ở người cao tu ổi, thưa xương, loãng 
xương. Các nghiên c ứu trong và ngoài nư ớc khác 
cũng ghi nh ận kết quả tương đ ồng với gãy đ ầu 
dưới xươn g đùi lo ại A và C là thư ờng gặp nhất. 
Gãy lo ại A là gãy vùng chuy ển tiếp giữa vùng 
thân xương đùi và vùng xương x ốp đầu dưới 
xương đùi, đây l",,,vi,[],[],[],[],"",,2026-05-14 19:25:17.500932+00,2026-05-14 19:25:17.003238+00,,,,,,,,
80,96,CVv46V556S12025124,"vietnam medical journal n01 - November - 2025  
 
124 V. KẾT LUẬN  
Suy dinh dưỡng trước phẫu thuật ở bệnh 
nhân ung thư đầu tụy cắt khối tá tụy rất phổ 
biến với tỷ lệ gần 50% có BMI thấp và trên 70% 
có nguy cơ theo PG -SGA. Tình trạng này liên 
quan chặt chẽ đến kéo dài thời gian nằm viện, 
gia tăng biến chứng hậu phẫu như rò tụy, chậm 
lưu thông tiêu hóa và  viêm phổi. Prealbumin <15 
mg/dL chứng tỏ giá trị tiên lượng mạnh hơn so 
với albumin. Can thiệp dinh dưỡng sớm, đặc biệt 
ở nhóm có BMI thấp, PG -SGA mức B/C hoặc 
prealbumin <15 mg/dL, được xem là chiến lược 
cần thiết nhằm cải thiện kết quả điều trị.   
TÀI LI ỆU THAM KHẢO  
1. Xu, Z., Chen, J., Mou, Y.  et al.  Effects of 
nutritional status on short -term prognosis after 
minimally invasive pancreaticoduodenectomy.  Sci 
Rep 14, 29549 (2024).  
2. Tirnova İ, Erkent M, Aydin HO, Gojayev A, 
Yildirim S. Retrospective study compa ring 30 -day 
surgical outcomes of pancreaticoduodenectomy for 
pancreatic head adenocarcinoma in patients with 
and without malnutrition defined by the GLIM 
criteria. Medicine (Baltimore). 2025 Jul 
18;104(29):e4336Braga M., Ljungqvist O., Soeters 
P. và c ộng sự. (2009). ESPEN Guidelines on 
P",,,vi,[],[],[],[],"",,2026-05-14 19:34:48.00345+00,2026-05-14 19:34:47.908136+00,,,,,,,,
81,97,Tuân thủ điều trị và một số yếu tố liên quan ở người nghiện chất dạng thuốc phiện đang được quản lý điều trị thay thế bằng Methadone tại tỉnh Quảng Bình năm 2023,"Mục tiêu: Mô tả tuân thủ điều trị (TTĐT) thay thế chất dạng thuốc phiện (CDTP) bằng methadone ở người bệnh được quản lý điều trị tại tỉnh Quảng Bình năm 2023 và phân tích một số yếu tố liên quan. Phương pháp nghiên cứu: Nghiên cứu cắt ngang, chọn mẫu toàn bộ 133 người bệnh đang được quản lý điều trị tại 3 cơ sở điều trị và cấp phát thuốc của tỉnh Quảng Bình. Thu thập số liệu từ 4-7/2023.",2024,,vi,"[""Đinh Giang Linh"", ""Hà Anh Đức"", ""Nguyễn Thu Hà""]","[""Treatment adherence"", ""associated factors"", ""methadone substitution therapy""]",[],[],"",,2026-05-14 19:36:03.833335+00,2026-05-14 19:36:03.352391+00,,,,,,,,
82,98,CVv46V556S12025062,"vietnam medical journal n01 - November - 2025  
 
62 ĐẶC ĐIỂM LÂM SÀNG , CẬN LÂM SÀNG VIÊM PHỔI  CỘNG ĐỒNG  
DO HAEMOPHILUS INFLUENZAE VÀ TÍNH NHẠY CẢ M KHÁNG SINH  
CỦA  HAEMOPHILUS INFLUENZAE TẠI BỆNH VIỆN NHI TRUNG ƯƠNG  
 
Bùi Bích Ngọc1, Lê Đức Quang1, Lê Thị Hồng Hanh2, 
Phan Văn Nhã1, Phạm Thu Nga1 
 
TÓM TẮT 16 
Haemophilus influenzae  (H.influenzae ) là vi khuẩn 
gây viêm phổi đang có  xu hướng gia tăng trong thời 
gian gần đây. Tình trạng H.influenzae  kháng kháng 
sinh ngày càng cao đặt ra nhiều thách thức cho quá 
trình điều trị. Mục tiêu:  Mô tả đặc điểm lâm sàng, 
cận lâm sàng viêm phổi do H.influenzae  và tính nhạy 
cảm kháng sinh của H.influenzae . Đối tượng nghi ên 
cứu: 343 trẻ từ 1 tháng đến 5 tuổi mắc viêm phổi do 
H.influenzae  tại Trung tâm hô hấp Bệnh viện Nhi 
Trung ương trong thời gian từ 11/09/2024 đến 
30/06/2025. Phương pháp nghiên cứu:  tiến cứu, 
mô tả cắt ngang. Kết quả:  Triệu chứng lâm sàng hay 
gặp là ho ( 99,1%), sốt (70%), ran ở phổi (95,3%). 
Sốt cao ≥ 38,5⁰C chiếm 51,9%, số ngày sốt trước 
nhập viện 1,8 ± 1,69 ngày. Hình ảnh Xquang tổn 
thương nốt mờ lan tỏa 2 bên chiếm  59,5%, tổn 
thương khu trú thùy, phân thù y chiếm  38,2%. 
H.influenzae  t",,,vi,[],[],[],[],"",,2026-05-14 19:52:04.567323+00,2026-05-14 19:52:01.420105+00,,,,,,,,
84,100,CVv46V556S12025038,"vietnam medical journal n01 - November - 2025  
 
38 Hiệu quả của hai phác đồ sử dụng polyethylene 
glycol 3350 và lactulose trong điều trị táo bón 
mạn tính chức năng ở trẻ em dưới 6  tuổi. Tạp chí 
Nghiên cứu Y học . 2021;145(9):119 -128.  
7. Nguyễn Thị Thơm, Nguyễn Thị Việt Hà. Hiệu 
quả của phác đồ sử dụng polyethylene glycol 
3350 trong điều trị táo bón chức năng ở trẻ em tại Bệnh viện Sản Nhi Nghệ An. Tạp chí Y học Việt 
Nam. 2024;542(1):3 22-326. 
8. Dheivamani N, Thomas W, Bannerjii R, 
Mukherjee M, Mitra M. Efficacy of polyethylene 
glycol 3350 as compared to lactulose in treatment 
of ROME IV criteria –defined pediatric functional 
constipation: A randomized controlled trial. Indian 
J Gastroenter ol. 2021;40(2):227 -233.  
 
 
KẾT CỤC TIM MẠCH NỘI VIỆN VÀ CÁC YẾU TỐ LIÊN QUAN  
Ở BỆNH NHÂN NHỒI MÁU CÕ TIM CẤP ST CHÊNH LÊN  
DO TẮC ÐOẠN GẦN ÐỘNG MẠCH VÀNH THỦ PHẠM  
 
Đào Thị Thanh Bình1, Vũ Đức Tín1, Nguyễn Đỗ Anh2   
TÓM T ẮT 10 
Mục tiêu: Khảo sát kết cục tim mạch nội viện và 
các yếu tố liên quan ở bệnh nhân nhồi máu cơ tim cấp 
ST chênh lên do tắc đoạn gần động mạch vành thủ 
phạm. Phương pháp nghiên cứu: Nghiên cứu đoàn 
hệ. Gồm 309 bệnh nhân nhồi máu cơ tim cấp ST",,,vi,[],[],[],[],"",,2026-05-14 20:17:21.358266+00,2026-05-14 20:17:20.830055+00,,,,,,,,
85,101,CVv46V556S12025081,"TẠP CHÍ Y HỌC VIỆT NAM TẬP 556 - THÁNG 11 - SỐ 1 - 2025  
 
81 Surgical Outcomes Study: a 7 -day prospective 
observational cohort study. The Lancet . 
2018;391(10130):1589 -1598. doi:10.1016/S0140 -
6736(18)30001 -1 
4. Canet J, Gallart L, Gomar C, et al. Prediction 
of Postoperativ e Pulmonary Complications in a 
Population -based Surgical Cohort. Anesthesiology . 
2010;113(6):  1338. doi:10.1097/ALN.  
0b013e3181fc6e0a  
5. Eldaabossi S, Al -Ghoneimy Y, Ghoneim A, et 
al. The ARISCAT Risk Index as a Predictor of 
Pulmonary Complications After T horacic 
Surgeries, Almoosa Specialist Hospital, Saudi 
Arabia. J Multidiscip Healthc . 2023;16:625 -634. 
doi:10.2147/JMDH.S404124  
6. Nithiuthai J, Siriussawakul A, Junkai R, 
Horugsa N, Jarungjitaree S, Triyasunant N.  
Do ARISCAT scores help to predict the inci dence 
of postoperative pulmonary complications in 
elderly patients after upper abdominal surgery? An observational study at a single university 
hospital. Perioperative Medicine . 2021;10(1):43. 
doi:10.1186/s13741 -021-00214 -3 
7. Yokota S, Koizumi M, Togashi K, et al. 
Preoperative pulmonary function tests do not 
predict the development of pulmonary 
complications after ",,,vi,[],[],[],[],"",,2026-05-14 20:24:50.595606+00,2026-05-14 20:24:48.188804+00,,,,,,,,
86,102,CVv46V556S12025038,"vietnam medical journal n01 - November - 2025  
 
38 Hiệu quả của hai phác đồ sử dụng polyethylene 
glycol 3350 và lactulose trong điều trị táo bón 
mạn tính chức năng ở trẻ em dưới 6  tuổi. Tạp chí 
Nghiên cứu Y học . 2021;145(9):119 -128.  
7. Nguyễn Thị Thơm, Nguyễn Thị Việt Hà. Hiệu 
quả của phác đồ sử dụng polyethylene glycol 
3350 trong điều trị táo bón chức năng ở trẻ em tại Bệnh viện Sản Nhi Nghệ An. Tạp chí Y học Việt 
Nam. 2024;542(1):3 22-326. 
8. Dheivamani N, Thomas W, Bannerjii R, 
Mukherjee M, Mitra M. Efficacy of polyethylene 
glycol 3350 as compared to lactulose in treatment 
of ROME IV criteria –defined pediatric functional 
constipation: A randomized controlled trial. Indian 
J Gastroenter ol. 2021;40(2):227 -233.  
 
 
KẾT CỤC TIM MẠCH NỘI VIỆN VÀ CÁC YẾU TỐ LIÊN QUAN  
Ở BỆNH NHÂN NHỒI MÁU CÕ TIM CẤP ST CHÊNH LÊN  
DO TẮC ÐOẠN GẦN ÐỘNG MẠCH VÀNH THỦ PHẠM  
 
Đào Thị Thanh Bình1, Vũ Đức Tín1, Nguyễn Đỗ Anh2   
TÓM T ẮT 10 
Mục tiêu: Khảo sát kết cục tim mạch nội viện và 
các yếu tố liên quan ở bệnh nhân nhồi máu cơ tim cấp 
ST chênh lên do tắc đoạn gần động mạch vành thủ 
phạm. Phương pháp nghiên cứu: Nghiên cứu đoàn 
hệ. Gồm 309 bệnh nhân nhồi máu cơ tim cấp ST",,,vi,[],[],[],[],"",,2026-05-14 20:26:27.649715+00,2026-05-14 20:26:26.265296+00,,,,,,,,
87,103,Tuân thủ điều trị và một số yếu tố liên quan ở người nghiện chất dạng thuốc phiện đang được quản lý điều trị thay thế bằng Methadone tại tỉnh Quảng Bình năm 2023,"Mục tiêu: Mô tả tuân thủ điều trị (TTĐT) thay thế chất dạng thuốc phiện (CDTP) bằng methadone ở người bệnh được quản lý điều trị tại tỉnh Quảng Bình năm 2023 và phân tích một số yếu tố liên quan. Phương pháp nghiên cứu: Nghiên cứu cắt ngang, chọn mẫu toàn bộ 133 người bệnh đang được quản lý điều trị tại 3 cơ sở điều trị và cấp phát thuốc của tỉnh Quảng Bình. Thu thập số liệu từ 4-7/2023.",2024,,vi,"[""Đinh Giang Linh"", ""Hà Anh Đức"", ""Nguyễn Thu Hà""]","[""Treatment adherence"", ""associated factors"", ""methadone substitution therapy""]",[],[],"",,2026-05-14 20:30:54.382683+00,2026-05-14 20:30:51.40873+00,,,,,,,,
88,104,122083_86c782bde37e58b9,"18
Tạp chí Khoa học Nghiên cứu Sức khỏe và Phát triển (Tập 09, Số 03-2025)
Journal of Health and Development Studies (Vol.09, No.03-2025)ĐẶT VẤN ĐỀ
Tiêm là một trong những biện pháp đưa thuốc, 
chất dinh dưỡng vào cơ thể nhằm phục vụ cho 
việc chẩn đoán, điều trị cũng nhưphòng bệnh. 
Tiêm an toàn (TAT) theo Tổ chức Y tế thế giới 
(World Health Organisation, WHO) là một 
quy trình tiêm không gây nguy hại cho người 
nhận mũi tiêm, người thực hiện mũi tiêm, và 
không tạo chất thải nguy hại cho người khác 
và cộng đồng (1). 
Năm 2011 theo ước tính của WHO, có tới 50% 
các mũi tiêm ở các nước đang phát triển không an toàn, trong đó mũi tiêm không an toàn gây 
ra 32% số ca nhiễm mới virus Hepatitis B, 
40% số ca nhiễm mới virus Hepatitis C, 5% 
số ca nhiễm mới HIV và 0.9% số ca tử vong 
trên toàn cầu (2). Theo Pankaj Bahuguna và 
cộng sự (2020), tại Ấn Độ có hơn 63% mũi 
tiêm được báo cáo là tiêm không an toàn hoặc 
không cần thiết (3). Việc tiêm không an toàn 
có khả năng làm lây nhiễm các tác nhân gây 
bệnh ảnh hưởng đến cuộc sống và đe dọa tính 
mạng con người (1). 
Tại Việt Nam, tỷ lệ thực hành tiêm an toàn đạt 
tại các bệnh viện dao động khoảng từ 20.1% TÓM TẮT 
Mục tiêu: Mô tả kiến",,,vi,[],[],[],[],"",,2026-05-14 20:31:27.403434+00,2026-05-14 20:31:24.730759+00,,,,,,,,
94,110,CVv464V59S012025034,"",,,vi,[],[],[],[],"",,2026-05-14 20:33:56.661602+00,2026-05-14 20:33:53.415478+00,,,,,,,,
89,105,123963_8b28ddcaf6396a58,"34
Tạp chí Khoa học Nghiên cứu Sức khỏe và Phát triển (Tập 09, Số 05-2025)
Journal of Health and Development Studies (Vol.09, No.05-2025)ĐẶT VẤN ĐỀ
Sơ cấp cứu là hỗ trợ tức thời cho nạn nhân 
tại hiện trường nhằm bảo vệ tính mạng, giảm thiểu các biến chứng trong khi đợi các điều trị chuyên sâu (1). Theo WHO, mỗi năm có hơn 900.000 trẻ em và vị thành niên dưới 18 tuổi tử vong do thương tích, chủ yếu tại các quốc gia thu nhập thấp và trung bình (2). Tại Việt Nam, mỗi năm trung bình có hơn 370.000 trẻ bị tai nạn thương tích trong đó nhóm 15 – 19 tuổi chiếm 43% (3). Đặc biệt tại TP.HCM tình trạng chấn thương ở học sinh THPT vẫn ở mức đáng báo động. Tác giả Mai Thị Huệ và cộng sự đã khảo sát trên 413 nạn nhân tại Thái Bình và cho thấy chưa đến 50% nạn nhân tai nạn giao thông được sơ cứu (4). Theo nghiên cứu của tác giả Marcus và cộng sự trên 150 học sinh trung học cơ sở tại Việt Nam cho thấy có 93,2% học sinh có nhu cầu tham gia các khoá học đào tạo hồi sức tim phổi (2). Có thể thấy học sinh THPT với độ tuổi phát triển và khả năng tiếp thu tốt, là nhóm đối tượng lý tưởng để triển khai các chương trình đào tạo này. Tuy nhiên hiện nay, việc đào tạo sơ cấp cứu cho học sinh THPT chưa được t",,,vi,[],[],[],[],"",,2026-05-14 20:32:12.218289+00,2026-05-14 20:32:12.207583+00,,,,,,,,
92,108,Tuân thủ điều trị và một số yếu tố liên quan ở người nghiện chất dạng thuốc phiện đang được quản lý điều trị thay thế bằng Methadone tại tỉnh Quảng Bình năm 2023,"Mục tiêu: Mô tả tuân thủ điều trị (TTĐT) thay thế chất dạng thuốc phiện (CDTP) bằng methadone ở người bệnh được quản lý điều trị tại tỉnh Quảng Bình năm 2023 và phân tích một số yếu tố liên quan. Phương pháp nghiên cứu: Nghiên cứu cắt ngang, chọn mẫu toàn bộ 133 người bệnh đang được quản lý điều trị tại 3 cơ sở điều trị và cấp phát thuốc của tỉnh Quảng Bình. Thu thập số liệu từ 4-7/2023.",2024,,vi,"[""Đinh Giang Linh"", ""Hà Anh Đức"", ""Nguyễn Thu Hà""]","[""Treatment adherence"", ""associated factors"", ""methadone substitution therapy""]",[],[],"",,2026-05-14 20:33:21.962183+00,2026-05-14 20:33:18.553378+00,,,,,,,,
90,106,CVv46V556S12025049,"TẠP CHÍ Y HỌC VIỆT NAM TẬP 556 - THÁNG 11 - SỐ 1 - 2025  
 
49 nghiên cứu trước, đồng thời phản ánh những 
đặc thù về mô hình bệnh tật và hệ thống chăm 
sóc tại Việt Nam. Việc so sánh với các ngh iên 
cứu trong và ngoài nước góp phần khẳng định 
giá trị thực tiễn của nghiên cứu, từ đó làm rõ 
hơn vai trò của điều dưỡng trong kiểm soát triệu 
chứng và nâng cao chất lượng sống người bệnh. 
Những phân tích này cũng đặt ra yêu cầu cần 
tiếp tục cải tiến mô h ình chăm sóc đa chuyên 
khoa và củng cố hệ thống theo dõi sau ra viện – 
những yếu tố quan trọng để tối ưu hóa hiệu quả 
điều trị trong ung thư giai đoạn muộn.   
V. KẾT LUẬN  
Vàng da là triệu chứng phổ biến nhất và 
xuất hiện ở hầu hết các trường hợp tắc mật.   
TÀI LIỆU THAM KHẢO  
1. Nguyễn Thị Kim Ngân. Đặc điểm lâm sàng và 
biến chứng nhiễm trùng ở người bệnh tắc mật tại 
Bệnh viện Đại học Y Dược TP.HCM. Tạp chí Y học 
TP Hồ Chí Minh.  2020;24(3):45 –51. 
2. Trần Thị Thu Hà. Đánh giá thực trạng và hiệu 
quả can thiệp chăm sóc dinh dưỡng ở bệnh nhân 
ung thư gan tại Bệnh viện K  [Luận văn thạc sĩ]. 
Hà Nội: Trường Đại học Y tế công cộng; 2021.  3. Phạm Duy Hưng. Nghiên cứu đặc điểm lâm 
sàng và điều trị tắc mật do u đường mậ",,,vi,[],[],[],[],"",,2026-05-14 20:32:40.858075+00,2026-05-14 20:32:38.00201+00,,,,,,,,
91,107,113635_c7d7e0118d7a6f56,"18
Tạp chí Khoa học Nghiên cứu Sức khỏe và Phát triển (Tập 09, Số 02-2025)
Journal of Health and Development Studies (Vol.09, No.02-2025)ĐẶT VẤN ĐỀ
Bệnh tay chân miệng (TCM) là một trong 
những bệnh truyền nhiễm cấp tính ở Việt 
Nam, thường gặp ở trẻ dưới 5 tuổi, lây chủ 
yếu theo đường tiêu hóa (1). Tác nhân gây 
bệnh TCM thuộc nhóm vi rút đường ruột 
Enterovirus (EV), trong đó thường gặp nhất là 
vi rút Coxsackie A16 (CV A16), vi rút đường 
ruột týp 71 (EV 71). Trong khi CV A16 gây 
nên bệnh cảnh nhẹ ở trẻ thì EV 71 có thể gây nên bệnh cảnh thần kinh trầm trọng và có thể 
dẫn đến tử vong (2-4). Các ca bệnh hầu hết 
đều diễn biến nhẹ, tuy nhiên vẫn có một số 
ca, bệnh diễn biến nặng, gây ra những biến 
chứng nguy hiểm (2-4). Trên thế giới hiện 
nay đã có vắc xin phòng bệnh (5).
Từ năm 2022 đến 6 tháng đầu năm 2024, 
trên địa bàn tỉnh Kon Tum ghi nhận 234 ca 
mắc, không có ca tử vong; các ca bệnh đều 
là trẻ dưới 5 tuổi và xuất hiện rải rác quanh 
năm, đặc biệt sau đại dịch COVID-19, số mắc TÓM TẮT 
Mục tiêu: Mô tả đặc điểm dịch tễ học bệnh tay chân miệng ở trẻ dưới 5 tuổi tại tỉnh Kon Tum từ năm 
2022 đến 6 tháng đầu năm 2024.
Phương pháp nghiên cứu: Nghiên cứu cắt ngang, sử dụng ",,,vi,[],[],[],[],"",,2026-05-14 20:33:06.184179+00,2026-05-14 20:33:04.383975+00,,,,,,,,
93,109,113639_2cd68eb55782c4de,"26
Tạp chí Khoa học Nghiên cứu Sức khỏe và Phát triển (Tập 09, Số 02-2025)
Journal of Health and Development Studies (Vol.09, No.02-2025)Ngô Quốc Huy và cộng sự
Mã DOI: https://doi.org/10.38148/JHDS.0902SKPT24-125
ĐẶT VẤN ĐỀ
Nguồn nhân lực là một thành phần rất quan 
trọng, bảo đảm các dịch vụ y tế được cung 
cấp chất lượng. ĐDLS đóng vai trò không thể 
thiếu trong việc hỗ trợ các bác sỹ khám chữa 
bệnh, chăm sóc phục vụ người bệnh (1). Nâng 
cao ĐLLV của ĐDLS đóng vai trò quan trọng, 
giúp họ thực hiện công việc ngày càng tốt để 
BV (BV) đạt được các mục tiêu. Một số nghiên 
cứu cho thấy nhân lực y tế có ĐLLV chưa cao, 
nhất là ở các quốc gia kém và đang phát triển, điểm trung bình ĐLLV dưới 4/5 và tỷ lệ dao 
động từ 20-40% (2). Tại Việt Nam, tỷ lệ này dao 
động từ 30-50% (BV đa khoa khu vực La Gi, 
Bình Thuận năm 2022 là 33,6%; BV Bà Rịa-
Vũng Tàu 2019: 38,7%) (3-4). Một số yếu tố 
ảnh hưởng đến ĐLLV: chế độ lương, thưởng; 
đánh giá thực hiện công việc; đào tạo và phát 
triển; môi trường làm việc; quan hệ với đồng 
nghiệp và lãnh đạo; công tác quản lý công việc; 
các chính sách qui định của tổ chức (3-7).
BV Hoàn Mỹ Bình Phước gia nhập Tập đoàn 
Y khoa Hoàn Mỹ năm 2017 với quy mô",,,vi,[],[],[],[],"",,2026-05-14 20:33:33.284985+00,2026-05-14 20:33:32.369775+00,,,,,,,,
95,111,122103_651bdf27d4055273,"17
Journal of Health and Development Studies (Vol.09, No.04-2025)Hua Thanh Thuy et al.
DOI: https://doi.org/10.38148/JHDS.0904SKPT25-019
ABSTRACT
Objectives: This study aims to evaluate the outcomes of the Public-Private Mix (PPM) initiative for tuberculosis 
(TB) control in Vietnam from 2015 to 2023 and to analyze key factors influencing its implementation.
Methods: A mixed-methods approach was employed, incorporating a desk review of reports and data on 
PPM implementation for TB control from 2015 to 2023, alongside qualitative interviews. A total of twenty in-depth interviews were conducted.
Results: The number of provinces participating in the PPM initiative increased from 24 in 2015 to 63 in 2023. During this period, the number of TB cases detected through PPM rose from 9,182 in 2015 to 26,300 in 2023, accounting for 5.6% to 33.4% of all detected TB cases. The key determinants influencing PPM implementation included policy and governance, financial resources, and human resource capacity. Conflicts or discrepancies between certain policies can severely hinder the participation of private healthcare facilities in the PPM program.
Conclusion: The PPM initiative for TB control in ",,,vi,[],[],[],[],"",,2026-05-14 20:54:40.451243+00,2026-05-14 20:54:38.362824+00,,,,,,,,
96,112,122103_651bdf27d4055273,"17
Journal of Health and Development Studies (Vol.09, No.04-2025)Hua Thanh Thuy et al.
DOI: https://doi.org/10.38148/JHDS.0904SKPT25-019
ABSTRACT
Objectives: This study aims to evaluate the outcomes of the Public-Private Mix (PPM) initiative for tuberculosis 
(TB) control in Vietnam from 2015 to 2023 and to analyze key factors influencing its implementation.
Methods: A mixed-methods approach was employed, incorporating a desk review of reports and data on 
PPM implementation for TB control from 2015 to 2023, alongside qualitative interviews. A total of twenty in-depth interviews were conducted.
Results: The number of provinces participating in the PPM initiative increased from 24 in 2015 to 63 in 2023. During this period, the number of TB cases detected through PPM rose from 9,182 in 2015 to 26,300 in 2023, accounting for 5.6% to 33.4% of all detected TB cases. The key determinants influencing PPM implementation included policy and governance, financial resources, and human resource capacity. Conflicts or discrepancies between certain policies can severely hinder the participation of private healthcare facilities in the PPM program.
Conclusion: The PPM initiative for TB control in ",,,vi,[],[],[],[],"",,2026-05-14 20:55:06.870708+00,2026-05-14 20:55:05.742801+00,,,,,,,,
97,113,107380_34cbf2544398e6cb,"31
Số 1/2025DIỄN ĐÀN - CHÍNH SÁCHẤt Tỵ 2025Tăng cường sự tham gia của khu vực tư nhân 
thông qua hợp tác công - tư trong xử lý  
chất thải rắn sinh hoạt
NGUYỄN TRUNG THẮNG, KIM THỊ THÚY NGỌC, NGUYỄN THỊ NGỌC ÁNH
Viện Chiến lược, Chính sách tài nguyên và môi trường
Hiện nay, nhu cầu xử lý chất thải rắn (CTR) 
tại Việt Nam đang gia tăng đáng kể khi 
lượng CTR tăng lên cùng với sự phát triển 
kinh tế - xã hội. Trong khi đó, nguồn kinh phí cho 
lĩnh vực quản lý chất thải rắn sinh hoạt (QLCTRSH) 
chủ yếu được bố trí từ nguồn ngân sách nhà nước 
vốn hạn hẹp, là điểm hạn chế chính trong lĩnh vực 
này. Vì vậy, thúc đẩy sự tham gia của khu vực tư nhân 
trong QLCTRSH có vai trò quan trọng, góp phần huy 
động nguồn lực tài chính, giảm bớt áp lực từ ngân 
sách nhà nước, đặc biệt là thông qua đầu tư các dự án 
xử lý chất thải rắn sinh hoạt (CTRSH) theo hình thức 
đối tác công - tư (PPP). Bài báo giới thiệu những kết 
quả chính của nghiên cứu do Ngân hàng Thế giới 
(WB) thực hiện năm 2024, với mục tiêu phân tích 
khung chính sách, pháp luật; xác định thách thức và 
đề xuất một số giải pháp nhằm tăng cường sự tham 
gia của khu vực tư nhân trong QLCTRSH thông qua 
thúc đẩy đầu tư PPP cho xử lý CTR",,,vi,[],[],[],[],"",,2026-05-14 21:25:39.314268+00,2026-05-14 21:25:39.326642+00,,,,,,,,
98,114,107380_34cbf2544398e6cb,"31
Số 1/2025DIỄN ĐÀN - CHÍNH SÁCHẤt Tỵ 2025Tăng cường sự tham gia của khu vực tư nhân 
thông qua hợp tác công - tư trong xử lý  
chất thải rắn sinh hoạt
NGUYỄN TRUNG THẮNG, KIM THỊ THÚY NGỌC, NGUYỄN THỊ NGỌC ÁNH
Viện Chiến lược, Chính sách tài nguyên và môi trường
Hiện nay, nhu cầu xử lý chất thải rắn (CTR) 
tại Việt Nam đang gia tăng đáng kể khi 
lượng CTR tăng lên cùng với sự phát triển 
kinh tế - xã hội. Trong khi đó, nguồn kinh phí cho 
lĩnh vực quản lý chất thải rắn sinh hoạt (QLCTRSH) 
chủ yếu được bố trí từ nguồn ngân sách nhà nước 
vốn hạn hẹp, là điểm hạn chế chính trong lĩnh vực 
này. Vì vậy, thúc đẩy sự tham gia của khu vực tư nhân 
trong QLCTRSH có vai trò quan trọng, góp phần huy 
động nguồn lực tài chính, giảm bớt áp lực từ ngân 
sách nhà nước, đặc biệt là thông qua đầu tư các dự án 
xử lý chất thải rắn sinh hoạt (CTRSH) theo hình thức 
đối tác công - tư (PPP). Bài báo giới thiệu những kết 
quả chính của nghiên cứu do Ngân hàng Thế giới 
(WB) thực hiện năm 2024, với mục tiêu phân tích 
khung chính sách, pháp luật; xác định thách thức và 
đề xuất một số giải pháp nhằm tăng cường sự tham 
gia của khu vực tư nhân trong QLCTRSH thông qua 
thúc đẩy đầu tư PPP cho xử lý CTR",,,vi,[],[],[],[],"",,2026-05-14 21:46:01.135446+00,2026-05-14 21:46:01.152856+00,,,,,,,,
99,115,113651_9d929ce2962f1e4e,"72
Tạp chí Khoa học Nghiên cứu Sức khỏe và Phát triển (Tập 09, Số 02-2025)
Journal of Health and Development Studies (Vol.09, No.02-2025)Đoàn Ngọc Anh Tuấn và cộng sự 
Mã DOI: https://doi.org/10.38148/JHDS.0902SKPT24-110
ĐẶT VẤN ĐỀ
Ung thư cổ tử cung là u ác tính phổ biến thứ 2 
ở phụ nữ trên toàn cầu và tại Việt Nam. Bệnh 
có tỉ lệ tử vong cao đứng hàng thứ 4 trong các 
ung thư thường gặp ở nữ giới chiếm 7,7%, 
bệnh thường được phát hiện ở giai đoạn muộn 
(1). Theo số liệu từ cơ quan nghiên cứu ung 
thư quốc tế IARC, năm 2020 số ca mắc mới 
ung thư cổ tử cung là 60.127 ca. Tại Việt 
Nam, hàng năm ước tính có khoảng 5.664 ca 
được chẩn đoán mắc ung thư cổ tử cung, và có tới 2.472 ca tử vong do căn bệnh này (2). 
Ung thư cổ tử cung gây ảnh hưởng rất lớn 
đến sức khỏe, tâm lý đối với phụ nữ. Nhưng 
ung thư cổ tử cung có thể được điều trị khỏi 
hoàn toàn nếu được chẩn đoán và điều trị ở 
giai đoạn sớm. Hiện nay, việc khám sàng lọc 
ung thư cổ tử cung tại Việt Nam được xem 
là biện pháp góp phần xóa bỏ ung thư cổ tử 
cung theo lời kêu gọi của tổ chức Y tế thế giới 
WHO năm 2018. Nhiều nghiên cứu đã chứng 
tỏ rằng phương pháp xét nghiệm tế bào học TÓM TẮT 
Mục tiêu: Mô tả một số đặc điể",,,vi,[],[],[],[],"",,2026-05-14 22:01:14.468575+00,2026-05-14 22:01:14.479871+00,,,,,,,,
100,116,107380_34cbf2544398e6cb,"31
Số 1/2025DIỄN ĐÀN - CHÍNH SÁCHẤt Tỵ 2025Tăng cường sự tham gia của khu vực tư nhân 
thông qua hợp tác công - tư trong xử lý  
chất thải rắn sinh hoạt
NGUYỄN TRUNG THẮNG, KIM THỊ THÚY NGỌC, NGUYỄN THỊ NGỌC ÁNH
Viện Chiến lược, Chính sách tài nguyên và môi trường
Hiện nay, nhu cầu xử lý chất thải rắn (CTR) 
tại Việt Nam đang gia tăng đáng kể khi 
lượng CTR tăng lên cùng với sự phát triển 
kinh tế - xã hội. Trong khi đó, nguồn kinh phí cho 
lĩnh vực quản lý chất thải rắn sinh hoạt (QLCTRSH) 
chủ yếu được bố trí từ nguồn ngân sách nhà nước 
vốn hạn hẹp, là điểm hạn chế chính trong lĩnh vực 
này. Vì vậy, thúc đẩy sự tham gia của khu vực tư nhân 
trong QLCTRSH có vai trò quan trọng, góp phần huy 
động nguồn lực tài chính, giảm bớt áp lực từ ngân 
sách nhà nước, đặc biệt là thông qua đầu tư các dự án 
xử lý chất thải rắn sinh hoạt (CTRSH) theo hình thức 
đối tác công - tư (PPP). Bài báo giới thiệu những kết 
quả chính của nghiên cứu do Ngân hàng Thế giới 
(WB) thực hiện năm 2024, với mục tiêu phân tích 
khung chính sách, pháp luật; xác định thách thức và 
đề xuất một số giải pháp nhằm tăng cường sự tham 
gia của khu vực tư nhân trong QLCTRSH thông qua 
thúc đẩy đầu tư PPP cho xử lý CTR",,,vi,[],[],[],[],"",,2026-05-14 22:01:42.698999+00,2026-05-14 22:01:42.707293+00,,,,,,,,
101,117,108866_54ece3dd1f6a34bf,"18        TRƯỜNG ĐẠI HỌC HẢI PHÒNG  
 NGHIÊN C ỨU THIẾT KẾ VÀ CHẾ TẠO MÔ HÌNH ROBOT  
6 BẬC TỰ DO ỨNG DỤNG TRONG GI ẢNG DẠY 
Vương Gia Hải, Lê Thị Lan  
Khoa Công nghệ và Kỹ thuật  
Email: haivg@dhhp.edu.vn 
 
 Ngày nhận bài: 03/9/2024  
 Ngày PB đánh giá: 24/10/2024  
 Ngày duyệt đăng: 13/01/2025  
 
Tóm tắt: Ngày nay, robot công nghiệp đã và đang trở thành một phần vô cùng quan 
trọng trong các  hệ thống sản xuất tự động như: Dây chuyền chế tạo và lắp ráp xe ô tô, 
hệ thống FMS, hệ thống sản xuất và lắp ráp các thiết bị điện tử,... Robot công nghiệp 
hiện nay có nhiều loại có cấu trúc khác nhau, trong công  nghiệp thường sử dụng robot 
có từ 2 cho tới 6 bậc tự do, số bậc tự do càng nhiều thì sự linh hoạt và tính ứng dụng 
của robot càng cao. Trong bài báo này, nhóm tác giả đã tiến hành thiết kế mô hình từng 
bộ phận và lắp ráp tổng thể robot 6 bậc tự do bằng phần mềm Inventor. Căn cứ vào mô 
hình thiết kế, yêu cầu đặt ra đã tiến hành lựa chọn động cơ, vi điều khiển, các linh kiện 
và chế tạo các kết cấu robot bằng công nghệ in 3D. Kết quả thử nghiệm cho thấy robot 
hoạt động tốt theo yêu cầu thiết kế đề ra.  
Từ khóa: Robot công nghiệp, arduino, bậc tự do, hệ thống tự động, thiết",,,vi,[],[],[],[],"",,2026-05-14 22:04:23.628793+00,2026-05-14 22:04:23.637021+00,,,,,,,,
102,118,108868_eba6b1f655eadb5d,"TẠP CHÍ KHOA HỌC SỐ 69  Tháng 01/2025       39 
 ỨNG DỤNG CỦA PHƯƠNG TRÌNH VI  PHÂN CẤP HAI 
TRONG GI ẢM RUNG ĐỘNG CƠ HỌ C 
 Vũ Thị Mai1, Phạm Tuấn Huy2, Nguyễn Trang Nhung3, 
Phạm Ngọc Khoa4, Vũ Thị Hà5 
1,2,3Khoa Toán và KHTN 
4Trường THPT Lê Hồng Phong, Hải Phòng  
5Trường THCS Bát Trang, An Lão, Hải Phòng 
1Email: maivt@dhhp.edu.vn 
 
 Ngày nhận bài: 30/10/2024  
 Ngày PB đánh giá: 29/11/2024  
 Ngày duyệt đăng: 13/01/2025  
 
Tóm tắt: Phương trình vi phân cấp 2 đóng vai trò quan trọng trong nhiều lĩnh vực 
khoa học và kỹ thuật, bao gồm cơ học, điện tử và y tế. Chúng được sử dụng để mô 
hình hóa các hệ thống dao động như con lắc, hệ thống lò xo -khối lượng, và mạch 
điện. Bài báo tập trun g vào việc nghiên cứu ứng dụng cụ thể của phương trình vi 
phân cấp 2 trong việc kiểm soát và giảm thiểu rung động. Mục tiêu của nghiên cứu 
là không chỉ tìm hiểu lý thuyết mà còn ứng dụng vào các bài toán thực tiễn trong 
kỹ thuật. 
Từ khóa:  Phương trình v i phân cấp 2, ứng dụng của phương trình vi phân.  
APPLICATIONS OF SECOND ORDER DIFFERENTIAL EQUATIONS 
IN REDUCING MECHANICAL VIBRATION 
Abstract:  Second-order differential equations play an important role in many fields of 
science and ",,,vi,[],[],[],[],"",,2026-05-14 22:05:38.569398+00,2026-05-14 22:05:38.578332+00,,,,,,,,
107,124,108865_288b8dc8986a9351,"6        TRƯỜNG ĐẠI HỌC HẢI PHÒNG  
  
NGHIÊN C ỨU THÀNH PH ẦN LOÀI TH ỰC VẬT BẬC CAO CÓ M ẠCH  
Ở QUẬN DƯƠNG KINH, THÀNH PHỐ  HẢI PHÒNG 
Phạm Thị Oanh  
Khoa Toán và Khoa học tự nhiên  
Email: oanhpt83@dhhp.edu.vn 
 
 Ngày nhận bài: 15/9/2024  
 Ngày PB đánh giá: 02/10/2024  
 Ngày duyệt đăng: 13/01/2025  
 
Tóm tắt: Nghiên cứu này được thực hiện để xác định thành phần loài thực vật bậc cao 
có mạch tại quận Dương Kinh, thành phố Hải Phòng nhằm cung cấp những dẫn liệ u 
khoa học phục vụ cho quá trình chuyển dịch cơ cấu kinh tế và công tác bảo vệ đa dạng 
sinh học ở đây. Qua điều tra, khảo sát tại địa phương đã ghi nhận 374 loài thuộc 104 
họ và 3 ngành thực vật bậc cao có mạch. Trong phạm vi của bài báo, tác giả xin giới 
thiệu danh sách 151 loài thuộc 57 họ và 2 ngành thực vật bậc cao có mạch, đây là những 
loài mọc trên đất  hoang ẩm, ruộng để hoang và rừng ngập mặn. 151 loài với sự phong 
phú cao về nguồn tài nguyên cây có ích. Trong đó có 112 loài có một hay nhiều công 
dụng: 102 loài có giá trị làm thuốc, 12 loài có giá trị làm cảnh, cây ăn được có 12 loài, 
13 loài được sử dụng làm thức ăn cho gia súc, 6 loài được sử dụng làm phân xanh và 
nhiều công dụng khác.  
Từ khóa: Th",,,vi,[],[],[],[],"",,2026-05-15 09:18:54.420266+00,2026-05-15 09:18:54.4287+00,,,,,,,,
103,119,108875_0efe92d99c597e0e,"TẠP CHÍ KHOA HỌC SỐ 69  Tháng 01/2025       109 
 ĐỔI MỚI SÁNG TẠO - ĐIỀU KIỆN CẦN ĐỂ DOANH NGHI ỆP 
PHÁT TRI ỂN TRONG B ỐI CẢNH HIỆN NAY 
Vũ Thị Anh Thư  
Khoa Kinh tế và Quản trị kinh doanh  
Email: thuvta90@dhhp.edu.vn 
 
 Ngày nhận bài: 20/12/2024  
 Ngày PB đánh giá : 24/01/2025 
 Ngày duyệt đăng:  24/01/2025 
 
Tóm tắt: Hướng tới nền kinh tế tri thức, trong bối cảnh cuộc cách mạng 4.0 cuộc cạnh 
tranh thị trường giữa các quốc gia ngày càng mạnh mẽ. Đổi mới sáng tạo là con đường 
giúp các quốc gia có cơ hội tìm kiếm và phát huy hết thế mạnh của mình. Đối với Việt 
Nam, đây là một yếu tố đặc biệt quan trọng góp phần thúc đẩy chuyển đổi số, chuyển 
đổi xanh và phát triển bền vững của Việt Nam trong kỷ nguyên phát triển mới. Cũng 
như đóng góp của Việt Nam với quá trình phát triển. Doanh nghiệp - một trong những 
nhân tố có ý nghĩa quan trọng nhằm thực hiện mục tiêu công nghiệp hoá, hiện đại hoá 
đất nước, tạo bước đột phá trong sự phát triển kinh tế xã hội. Cuộc cách mạng về Khoa 
học - Công nghệ, đổi mới sáng tạo Doanh nghiệp cũng không đứng ngoài lề của sự thay 
đổi này. Sự cạnh tranh về sản phẩm, sự kỳ vọng về sản phẩm của người tiêu dùng đòi 
hỏi doanh nghiệp phải thay đổi đ",,,vi,[],[],[],[],"",,2026-05-14 22:07:09.29355+00,2026-05-14 22:07:09.303392+00,,,,,,,,
104,121,108875_0efe92d99c597e0e,"TẠP CHÍ KHOA HỌC SỐ 69  Tháng 01/2025       109 
 ĐỔI MỚI SÁNG TẠO - ĐIỀU KIỆN CẦN ĐỂ DOANH NGHI ỆP 
PHÁT TRI ỂN TRONG B ỐI CẢNH HIỆN NAY 
Vũ Thị Anh Thư  
Khoa Kinh tế và Quản trị kinh doanh  
Email: thuvta90@dhhp.edu.vn 
 
 Ngày nhận bài: 20/12/2024  
 Ngày PB đánh giá : 24/01/2025 
 Ngày duyệt đăng:  24/01/2025 
 
Tóm tắt: Hướng tới nền kinh tế tri thức, trong bối cảnh cuộc cách mạng 4.0 cuộc cạnh 
tranh thị trường giữa các quốc gia ngày càng mạnh mẽ. Đổi mới sáng tạo là con đường 
giúp các quốc gia có cơ hội tìm kiếm và phát huy hết thế mạnh của mình. Đối với Việt 
Nam, đây là một yếu tố đặc biệt quan trọng góp phần thúc đẩy chuyển đổi số, chuyển 
đổi xanh và phát triển bền vững của Việt Nam trong kỷ nguyên phát triển mới. Cũng 
như đóng góp của Việt Nam với quá trình phát triển. Doanh nghiệp - một trong những 
nhân tố có ý nghĩa quan trọng nhằm thực hiện mục tiêu công nghiệp hoá, hiện đại hoá 
đất nước, tạo bước đột phá trong sự phát triển kinh tế xã hội. Cuộc cách mạng về Khoa 
học - Công nghệ, đổi mới sáng tạo Doanh nghiệp cũng không đứng ngoài lề của sự thay 
đổi này. Sự cạnh tranh về sản phẩm, sự kỳ vọng về sản phẩm của người tiêu dùng đòi 
hỏi doanh nghiệp phải thay đổi đ",,,vi,[],[],[],[],"",,2026-05-14 22:22:02.009343+00,2026-05-14 22:22:02.027771+00,,,,,,,,
105,122,108878_cb083b91bdc705d2,"TẠP CHÍ KHOA HỌC SỐ 69  Tháng 01/2025       133 
 CHUYỂN ĐỔI SỐ VÀ CHUY ỂN ĐỔI XANH (CHUY ỂN ĐỔI KÉP) - 
MỤC TIÊU PHÁT TRI ỂN BỀN VỮNG CỦA CÁC DOANH NGHI ỆP  
TẠI CÁC KHU CÔNG NGHI ỆP TRÊN ĐỊ A BÀN THÀNH PH Ố HẢI PHÒNG 
Nguyễn Thị Liên  
Khoa Kinh tế và Quản trị kinh doanh  
Email: liennt@dhhp.edu.vn 
 
 Ngày nhận bài: 20/12/2024  
 Ngày PB đánh giá: 02/01/2025  
 Ngày duyệt  đăng: 13/01/2025  
 
Tóm tắt: Nghiên cứu này tập trung phân tích chuyển đổi kép - chuyển đổi số và chuyển 
đổi xanh - như những động lực thúc đẩy phát triển kinh tế bền vững tại các khu công 
nghiệp trên địa bàn thành phố Hải Phòng. Dựa trên dữ liệu mới nhất từ Bộ Kế hoạch 
và Đầu tư cũng như các số  liệu thống kê địa phương, nghiên cứu đánh giá việc triển 
khai và tác động của chuyển đổi kép đối với các doanh nghiệp trong khu vực. Kết quả 
chính cho thấy, chuyển đổi số giúp nâng cao hiệu quả hoạt động, tối ưu hóa chuỗi cung 
ứng và thúc đẩy đổi mới sáng  tạo, trong khi chuyển đổi xanh góp phần giảm thiểu tác 
động môi trường thông qua việc áp dụng năng lượng tái tạo và các mô hình kinh tế tuần 
hoàn. Mặc dù đạt được những tiến bộ đáng kể, các doanh nghiệp vẫn phải đối mặt với 
những thách thức như hạn chế về ",,,vi,[],[],[],[],"",,2026-05-14 22:23:48.153243+00,2026-05-14 22:23:48.161851+00,,,,,,,,
106,123,122088_fc9d3b00b5a894e2,"60
Tạp chí Khoa học Nghiên cứu Sức khỏe và Phát triển (Tập 09, Số 03-2025)
Journal of Health and Development Studies (Vol.09, No.03-2025)Nguyễn Vĩnh An Khương và cộng sự
Mã DOI: https://doi.org/10.38148/JHDS.0903SKPT24-114
ĐẶT VẤN ĐỀ
Vảy nến là một bệnh mãn tính thường gặp, ảnh 
hưởng đến mọi lứa tuổi và phổ biến trên toàn 
cầu (1). Theo nghiên cứu của Phạm Bích Ngọc 
và cộng sự (2) được công bố, có đến 85% bệnh 
nhân vảy nến bị ảnh hưởng đến chất lượng 
cuộc sống, trong đó 72% bị ảnh hưởng ở mức 
độ nhiều và rất nhiều. Các triệu chứng như 
ngứa, đau rát và các mảng da bong tróc không 
chỉ gây khó chịu mà còn ảnh hưởng đến hoạt 
động hàng ngày và tâm lý của người bệnh. Bên 
cạnh những tổn thương da, bệnh còn kéo theo 
nhiều hệ lụy sức khỏe quan trọng như trầm 
cảm, viêm khớp vảy nến, và hội chứng chuyển 
hóa tim mạch, điều này tạo ra gánh nặng lớn 
không chỉ cho người bệnh mà còn cho xã hội 
nói chung, do các tác động sâu rộng về thể chất lẫn tâm lý. Tại các quốc gia trên thế giới 
đã thực hiện nhiều phân tích, đánh giá chi phí 
điều trị vảy nến với kết quả đáng lo ngại. Một 
nghiên cứu tổng quan tại khu vực Châu Âu 
chỉ ra rằng chi phí trực tiếp hằng năm cho mỗi 
bệnh nhân vảy nến",,,vi,[],[],[],[],"",,2026-05-14 23:00:08.968939+00,2026-05-14 23:00:08.990043+00,,,,,,,,
108,125,111909_12aa085973b1bed3,"Số 16 (03/2025): 105 – 111  
  105  
 
 
TĂNG TRƯ ỞNG VÀ TỈ LỆ SỐNG C ỦA NGHÊU Meretrix lyrata  (Sowerby, 1851)   
Ở CÁC M ẬT ĐỘ NUÔI KHÁC NHAU T ẠI VÙNG NUÔI NGHÊU  
TẬP TRUNG Ở TỈNH B ẾN TRE  
Vũ Thị Thanh Hương1*, Huỳnh  Minh Sang2, Phan Văn Thụ2 
1Khoa  Thủy sản, Trường Đại học Hạ Long  
2Viện Hải dương học, Viện Hàn lâm Khoa học và Công nghệ Việt Nam  
* Email: vuthithanhhuong@daihochalong.edu.vn  
Ngày nhận bài: 24/10/2024  Ngày nhận bài sửa sau phản biện : 17/02/2025          Ngày chấp  nhận đăng: 24/02/2025  
TÓM T ẮT 
Nghề nuôi nghêu Meretrix lyrata  (Sowerby , 1851) đóng vai trò quan tr ọng trong vi ệc cung 
cấp ngu ồn thực phẩm dinh dư ỡng cao và có giá tr ị xuất khẩu, đặc biệt là sau khi t ỉnh Bến Tre đ ạt 
được chứng nh ận MSC (Marine Stewardship  Council) cho ""một đơn v ị nghề cá"" khai thác b ền 
vững ngu ồn lợi thủy sản tự nhiên. Tuy nhiên, ngh ề nuôi nghêu phát tri ển không ổn định do thi ếu 
thông tin khoa h ọc để quản lí nuôi tr ồng hợp lí. M ục tiêu c ủa nghiên c ứu này nh ằm xác đ ịnh m ật 
độ nuôi nghêu thí ch hợp trong đi ều kiện nuôi t ự nhiên ở Bến Tre. Thí nghi ệm đư ợc thực hiện ở 2 
kích c ỡ nghêu gi ống khác nhau (2000 con/kg và 200 con/kg) v ới 4 m ật đ",,,vi,[],[],[],[],"",,2026-05-15 09:21:26.517073+00,2026-05-15 09:21:26.525648+00,,,,,,,,
109,126,112696_8339f635b835753d,"",,,vi,[],[],[],[],"",,2026-05-15 09:21:47.359204+00,2026-05-15 09:21:47.366963+00,,,,,,,,
110,128,110327_bbb5d060d374232b,"Tạp chí Khoa h ọc Đại học Thủ Dầu Một   ISSN (in): 1859 -4433; (online): 2615 -9635  
https://vjol.info.vn/index.php/tdm    31  
 
NGHIÊN C ỨU ĐIỀU KIỆN TRÍCH LY DI ỆP LỤC TỪ LÁ LỐT  
VÀ THỬ NGHIỆM TẠO SẢN PHẨM DẠNG BỘT 
 
Nguy ễn Lan Linh(1), Trần Ng ọc Hùng(1) 
(1) Trường Đại học Thủ Dầu Một 
Ngày nhận bài : 13/12/2024 ; Chấp nhận đăng : 06/02/2025  
Liên hệ email: hungtngoc@tdmu.edu.vn  
 
 
Tóm t ắt 
Diệp lục được sử dụng như m ột loại thực phẩm bổ sung, có tác d ụng làm s ạch gốc 
tự do, giúp ngăn ng ừa nhi ều tổn hại về sức khỏe. Các y ếu tố ảnh hư ởng đến hiệu quả 
trích ly di ệp lục từ lá lốt đã đư ợc khảo sát như t ỷ lệ nguyên li ệu, nhi ệt độ trích ly. Nồng 
độ ethanol và th ời gian trích ly đư ợc tối ưu theo phương  pháp đáp ứng bề mặt (RSM) . Từ 
đó, th ử nghiệm tạo dẫn xuất bột diệp lục tan trong nư ớc và đánh giá hàm lư ợng di ệp lục 
của sản phẩm khi bảo quản ở các nhi ệt độ khác nhau. Trích ly ở 40oC, tỷ lệ lá lốt/ dung 
môi 1/ 15 hi ệu quả nhất cho vi ệc thu nh ận diệp lục. Kết quả tối ưu hóa cho th ấy hàm lư ợng 
diệp lục cao nh ất khi s ử dụng ethanol 90%, trích ly trong 23 ,4 giờ, đạt 34,8mg/g lá l ốt. 
So với nhiệt độ phòng, b ảo quản sản phẩm ở nhiệt độ lạnh g",,,vi,[],[],[],[],"",,2026-05-15 10:58:37.863153+00,2026-05-15 10:58:37.877869+00,,,,,,,,
111,129,108475_76763aad431ba33a,"ĐẶC ĐIỂM HÌNH THÁI VÀ VAI TRÒ CỦA ĐÁ TAI 
TRONG VIỆC XÁC ĐỊNH SỰ TĂNG TRƯỞNG CỦA CÁ THÒI LÒI 
CHẤM CAM PERIOPHTHALMUS 	CHRYSOSPILOS  
Ở MỘT SỐ TỈNH ĐỒNG BẰNG SÔNG CỬU LONG
Lâm Thị Huyền Trân1*, Đinh Minh Quang2, Nguyễn Hữu Đức Tôn2
TÓM TẮT
Nghiên cứu này cung cấp thông tin về hình dạng, sự biến động khối lượng đá tai theo 
giới tính, kích thước cá, mùa và điểm thu mẫu, và mối quan hệ tuyến tính giữa khối lượng đá 
tai và kích thước cá. Tổng cộng 815 mẫu cá thòi lòi chấm cam Periophthalmus chrysospilos 
thu ở Duyên Hải, Trà Vinh; Trần Đề, Sóc Trăng; Đông Hải, Bạc Liêu; và Đầm Dơi, Cà Mau ở 
Đồng bằng sông Cửu Long, với chiều dài tổng từ 4,20 đến 12,50 cm và khối lượng từ 1,26 đến 
16,88 g đã được phân tích. Kết quả phân tích cho thấy hình dạng đá tai của Ps. chrysospilos 
có dạng vuông, phân thùy sâu ở đỉnh trước và khá phẳng ở đỉnh sau. Khối lượng đá tai trái thể 
hiện sự khác biệt thống kê theo giới tính, kích thước cá, mùa và điểm thu mẫu. Khối lượng đá 
tai có quan hệ tỷ lệ thuận với chiều dài tổng, khối lượng cơ thể và chiều dài đầu của cá thòi lòi 
(r2=0,7~0,9). Như vậy, khối lượng đá tai có thể được dùng để dự đoán kích thước cá và khối 
lượng đá tai của Ps. chrysospilos tăng",,,vi,[],[],[],[],"",,2026-05-15 11:01:35.925571+00,2026-05-15 11:01:35.936677+00,,,,,,,,
112,130,113626_50eac2581cbe14c5,"9
Tạp chí Khoa học Nghiên cứu Sức khỏe và Phát triển (Tập 09, Số 02-2025)
Journal of Health and Development Studies (Vol.09, No.02-2025)Đinh Giang Linh và cộng sự
Mã DOI: https://doi.org/10.38148/JHDS.0902SKPT24-102
ĐẶT VẤN ĐỀ
Điều trị thay thế nghiện các chất dạng thuốc 
phiện (CDTP) bằng methadone là phương 
pháp mang lại nhiều lợi ích về y tế, tài 
chính và an toàn xã hội (1). Tuân thủ điều trị 
(TTĐT) methadone là sự tham gia tự nguyện 
của người bệnh vào việc sử dụng thuốc theo 
đơn đã được chỉ định, bao gồm thời gian sử 
dụng, liều lượng và tần suất dùng thuốc. Để 
tối đa hóa hiệu quả can thiệp trong điều trị 
nghiện các CDTP bằng methadone thì việc 
TTĐT lâu dài đối với bệnh nhân mang tính 
chất bắt buộc (2).Chương trình điều trị nghiện các CDTP bằng 
methadone tại Quảng Bình bắt đầu từ năm 
2014. Tính đến năm 2023, tỉnh đã có 652 lượt 
người tham gia điều trị. Sự bùng phát dịch 
COVID-19 đã làm giảm khả năng tiếp cận 
điều trị, dẫn đến tỷ lệ tham gia giảm và tỷ 
lệ bỏ trị cao. Cụ thể, trong năm 2021 chỉ có 
85 trường hợp TTĐT, và trong nửa đầu năm 
2022, chỉ còn 49 người bệnh còn TTĐT. Để có 
thể giúp ngành y tế Quảng Bình có các bằng 
chứng nhằm xây dựng các can thiệp kịp ",,,vi,[],[],[],[],"",,2026-05-15 11:12:29.678619+00,2026-05-15 11:12:29.690898+00,,,,,,,,
113,132,113626_50eac2581cbe14c5,"9
Tạp chí Khoa học Nghiên cứu Sức khỏe và Phát triển (Tập 09, Số 02-2025)
Journal of Health and Development Studies (Vol.09, No.02-2025)Đinh Giang Linh và cộng sự
Mã DOI: https://doi.org/10.38148/JHDS.0902SKPT24-102
ĐẶT VẤN ĐỀ
Điều trị thay thế nghiện các chất dạng thuốc 
phiện (CDTP) bằng methadone là phương 
pháp mang lại nhiều lợi ích về y tế, tài 
chính và an toàn xã hội (1). Tuân thủ điều trị 
(TTĐT) methadone là sự tham gia tự nguyện 
của người bệnh vào việc sử dụng thuốc theo 
đơn đã được chỉ định, bao gồm thời gian sử 
dụng, liều lượng và tần suất dùng thuốc. Để 
tối đa hóa hiệu quả can thiệp trong điều trị 
nghiện các CDTP bằng methadone thì việc 
TTĐT lâu dài đối với bệnh nhân mang tính 
chất bắt buộc (2).Chương trình điều trị nghiện các CDTP bằng 
methadone tại Quảng Bình bắt đầu từ năm 
2014. Tính đến năm 2023, tỉnh đã có 652 lượt 
người tham gia điều trị. Sự bùng phát dịch 
COVID-19 đã làm giảm khả năng tiếp cận 
điều trị, dẫn đến tỷ lệ tham gia giảm và tỷ 
lệ bỏ trị cao. Cụ thể, trong năm 2021 chỉ có 
85 trường hợp TTĐT, và trong nửa đầu năm 
2022, chỉ còn 49 người bệnh còn TTĐT. Để có 
thể giúp ngành y tế Quảng Bình có các bằng 
chứng nhằm xây dựng các can thiệp kịp ",,,vi,[],[],[],[],"",,2026-05-15 11:16:45.064153+00,2026-05-15 11:16:45.093364+00,,,,,,,,
114,133,Tuân thủ điều trị và một số yếu tố liên quan ở người nghiện chất dạng thuốc phiện đang được quản lý điều trị thay thế bằng Methadone tại tỉnh Quảng Bình năm 2023,"Mục tiêu: Mô tả tuân thủ điều trị (TTĐT) thay thế chất dạng thuốc phiện (CDTP) bằng methadone ở người bệnh được quản lý điều trị tại tỉnh Quảng Bình năm 2023 và phân tích một số yếu tố liên quan. Phương pháp nghiên cứu: Nghiên cứu cắt ngang, chọn mẫu toàn bộ 133 người bệnh đang được quản lý điều trị tại 3 cơ sở điều trị và cấp phát thuốc của tỉnh Quảng Bình. Thu thập số liệu từ 4-7/2023.",2024,,vi,"[""Đinh Giang Linh"", ""Hà Anh Đức"", ""Nguyễn Thu Hà""]","[""Treatment adherence"", ""associated factors"", ""methadone substitution therapy""]",[],[],"",,2026-05-15 12:01:34.949047+00,2026-05-15 12:01:33.888774+00,,,,,,,,
115,134,113626_50eac2581cbe14c5,"9
Tạp chí Khoa học Nghiên cứu Sức khỏe và Phát triển (Tập 09, Số 02-2025)
Journal of Health and Development Studies (Vol.09, No.02-2025)Đinh Giang Linh và cộng sự
Mã DOI: https://doi.org/10.38148/JHDS.0902SKPT24-102
ĐẶT VẤN ĐỀ
Điều trị thay thế nghiện các chất dạng thuốc 
phiện (CDTP) bằng methadone là phương 
pháp mang lại nhiều lợi ích về y tế, tài 
chính và an toàn xã hội (1). Tuân thủ điều trị 
(TTĐT) methadone là sự tham gia tự nguyện 
của người bệnh vào việc sử dụng thuốc theo 
đơn đã được chỉ định, bao gồm thời gian sử 
dụng, liều lượng và tần suất dùng thuốc. Để 
tối đa hóa hiệu quả can thiệp trong điều trị 
nghiện các CDTP bằng methadone thì việc 
TTĐT lâu dài đối với bệnh nhân mang tính 
chất bắt buộc (2).Chương trình điều trị nghiện các CDTP bằng 
methadone tại Quảng Bình bắt đầu từ năm 
2014. Tính đến năm 2023, tỉnh đã có 652 lượt 
người tham gia điều trị. Sự bùng phát dịch 
COVID-19 đã làm giảm khả năng tiếp cận 
điều trị, dẫn đến tỷ lệ tham gia giảm và tỷ 
lệ bỏ trị cao. Cụ thể, trong năm 2021 chỉ có 
85 trường hợp TTĐT, và trong nửa đầu năm 
2022, chỉ còn 49 người bệnh còn TTĐT. Để có 
thể giúp ngành y tế Quảng Bình có các bằng 
chứng nhằm xây dựng các can thiệp kịp ",,,vi,[],[],[],[],"",,2026-05-15 12:18:19.627947+00,2026-05-15 12:18:19.64203+00,,,,,,,,
116,135,113626_50eac2581cbe14c5,"9
Tạp chí Khoa học Nghiên cứu Sức khỏe và Phát triển (Tập 09, Số 02-2025)
Journal of Health and Development Studies (Vol.09, No.02-2025)Đinh Giang Linh và cộng sự
Mã DOI: https://doi.org/10.38148/JHDS.0902SKPT24-102
ĐẶT VẤN ĐỀ
Điều trị thay thế nghiện các chất dạng thuốc 
phiện (CDTP) bằng methadone là phương 
pháp mang lại nhiều lợi ích về y tế, tài 
chính và an toàn xã hội (1). Tuân thủ điều trị 
(TTĐT) methadone là sự tham gia tự nguyện 
của người bệnh vào việc sử dụng thuốc theo 
đơn đã được chỉ định, bao gồm thời gian sử 
dụng, liều lượng và tần suất dùng thuốc. Để 
tối đa hóa hiệu quả can thiệp trong điều trị 
nghiện các CDTP bằng methadone thì việc 
TTĐT lâu dài đối với bệnh nhân mang tính 
chất bắt buộc (2).Chương trình điều trị nghiện các CDTP bằng 
methadone tại Quảng Bình bắt đầu từ năm 
2014. Tính đến năm 2023, tỉnh đã có 652 lượt 
người tham gia điều trị. Sự bùng phát dịch 
COVID-19 đã làm giảm khả năng tiếp cận 
điều trị, dẫn đến tỷ lệ tham gia giảm và tỷ 
lệ bỏ trị cao. Cụ thể, trong năm 2021 chỉ có 
85 trường hợp TTĐT, và trong nửa đầu năm 
2022, chỉ còn 49 người bệnh còn TTĐT. Để có 
thể giúp ngành y tế Quảng Bình có các bằng 
chứng nhằm xây dựng các can thiệp kịp ",,,vi,[],[],[],[],"",,2026-05-15 12:24:38.439401+00,2026-05-15 12:24:38.449494+00,,,,,,,,
117,136,122093_1df73835b1946f8f,"103
Tạp chí Khoa học Nghiên cứu Sức khỏe và Phát triển (Tập 09, Số 03-2025)
Journal of Health and Development Studies (Vol.09, No.03-2025)Nguyễn Thị Thủy và cộng sự 
Mã DOI: https://doi.org/10.38148/JHDS.0903SKPT24-006
ĐẶT VẤN ĐỀ
Sảng là tình trạng cấp tính các rối loạn liên quan 
đến chú ý và nhận thức của người bệnh (1). Tại  
các đơn vị hồi sức tích cực (ICU) tại Việt Nam, 
ước tính có khoảng 9,5%- 63,1% người bệnh 
xuất hiện sảng tại một thời điểm nào đó trong 
quá trình điều trị (2, 3). Sảng là yếu tố chỉ điểm 
quan trọng trong việc tiên lượng nguy cơ đặt 
lại ống nội khí quản, tăng thời gian thở máy, 
nguy cơ biến chứng cũng như kéo dài thời gian 
nằm viện và tăng chi phí điều trị cho người bệnh (4, 5). Chính vì vậy, việc phát hiện sớm 
tình trạng sảng là vô cùng cần thiết, từ đó các 
xử trí và can thiệp kịp thời giúp hạn chế những 
hậu quả của sảng đến người bệnh. 
Trong hệ thống y tế, điều dưỡng có nắm vai trò 
chính trong việc theo dõi và phát hiện những thay 
đổi lâm sàng của người bệnh do là nguồn nhân 
lực tiếp xúc nhiều nhất với người bệnh (5, 6). Tuy 
nhiên, các kết quả nghiên cứu trước đó cho thấy 
điều dưỡng chưa thực hiện đánh giá sảng đầy đủ 
trên thực hành lâm sà",,,vi,[],[],[],[],"",,2026-05-15 12:35:25.029179+00,2026-05-15 12:35:21.880571+00,,,,,,,,
118,137,122085_6b5a7fbacb944be0,"34
Tạp chí Khoa học Nghiên cứu Sức khỏe và Phát triển (Tập 09, Số 03-2025)
Journal of Health and Development Studies (Vol.09, No.03-2025)Nguyễn Thị Thanh Bình và cộng sự
Mã DOI: https://doi.org/10.38148/JHDS.0903SKPT25-044
ĐẶT VẤN ĐỀ
Thiếu máu là tình trạng giảm lượng 
Hemoglobin lưu hành, thiếu máu giai đoạn 
sơ sinh có thể là thiếu máu mạn tính từ trong 
thời kì bào thai, cấp tính do các nguyên 
nhân gây mất máu cấp như xuất huyết mẹ 
- con, xuất huyết não thất, hoặc tình trạng 
tan máu do bất thường hồng cầu, bất đồng 
nhóm máu mẹ - con…(1). Thiếu máu có thể 
là một dấu hiệu của các bệnh lý khác, hoặc là một bệnh lý riêng biệt, nhưng nó có ảnh 
hưởng đến quá trình điều trị và diễn tiến 
bệnh. Sự hiện diện bệnh lý thiếu máu cung 
cấp chỉ điểm quan trọng của quá trình bệnh 
lý cơ bản và thiếu máu nếu không được 
phát hiện, chẩn đoán, điều trị sớm thì có thể 
làm cho tình trạng bệnh lý của trẻ sơ sinh 
trầm trọng hơn và có khi dẫn đến tử vong 
(1). Trên thực tế, thiếu máu là một rối loạn 
huyết học thường gặp ở trẻ sơ sinh tại đơn 
vị Hồi sức sơ sinh. Một số nghiên cứu trước TÓM TẮT 
Mục tiêu: Khảo sát một số yếu tố liên quan đến tình trạng thiếu máu của trẻ sơ sinh bệnh lý trong g",,,vi,[],[],[],[],"",,2026-05-15 13:05:44.96115+00,2026-05-15 13:05:42.928362+00,,,,,,,,
